{"stats":{"minecraft:killed_by":{"minecraft:piglin_brute":2,"minecraft:creeper":1,"minecraft:player":2},"minecraft:crafted":{"minecraft:oak_planks":4196,"gnumus:grilled_juicy_meat":37,"minecraft:melon":3,"minecraft:cooked_chicken":26,"minecraft:cooked_mutton":134,"gnumus:vintage_gnumus_pickaxe":2,"minecraft:quartz_block":407,"minecraft:glass":192,"minecraft:diamond_helmet":2,"minecraft:diamond_leggings":2,"minecraft:iron_boots":4,"gnumus:vintage_alloy_ingot":2,"minecraft:chest":15,"minecraft:oak_fence":3,"minecraft:cooked_rabbit":16,"minecraft:quartz_stairs":28,"minecraft:oak_slab":6,"gnumus:gnumus_cutlass":1,"minecraft:cooked_porkchop":40,"minecraft:diamond_axe":1,"minecraft:crafting_table":12,"minecraft:wooden_pickaxe":1,"minecraft:iron_helmet":3,"minecraft:smithing_table":1,"minecraft:birch_planks":1164,"gnumus:gnumus_pickaxe":2,"minecraft:iron_chestplate":2,"minecraft:diamond_pickaxe":5,"minecraft:birch_fence":69,"minecraft:stick":196,"minecraft:iron_ingot":146,"minecraft:iron_pickaxe":5,"minecraft:iron_block":3,"minecraft:gold_ingot":47,"minecraft:netherite_ingot":1,"minecraft:birch_stairs":68,"minecraft:cherry_planks":536,"minecraft:wooden_sword":1,"minecraft:furnace":6,"minecraft:white_carpet":42,"minecraft:glass_pane":32,"minecraft:flint_and_steel":1,"minecraft:netherite_chestplate":2,"minecraft:iron_axe":9,"minecraft:iron_hoe":3,"minecraft:stone_pickaxe":2,"minecraft:diamond_boots":2,"gnumus:gnumus_helmet_helmet":1,"minecraft:netherite_scrap":4,"minecraft:dark_oak_planks":84,"minecraft:golden_helmet":1,"travelersbackpack:spider":1,"minecraft:glistering_melon_slice":28,"minecraft:cooked_beef":56,"minecraft:cooked_cod":15,"minecraft:diamond_sword":2,"minecraft:iron_sword":2,"minecraft:bucket":12,"minecraft:air":0,"gnumus:vintage_metal":6,"minecraft:gold_nugget":234,"minecraft:wooden_axe":6,"minecraft:iron_shovel":7,"minecraft:iron_leggings":2,"minecraft:anvil":1,"minecraft:white_bed":4,"minecraft:torch":640,"minecraft:diamond_chestplate":3},"minecraft:mined":{"minecraft:dark_oak_planks":1,"minecraft:attached_melon_stem":1,"minecraft:white_bed":12,"minecraft:cherry_log":244,"minecraft:obsidian":5,"minecraft:cave_vines_plant":1,"minecraft:granite":54,"minecraft:grass_block":799,"minecraft:polished_blackstone_bricks":14,"minecraft:magma_block":21,"minecraft:iron_ore":26,"minecraft:cobbled_deepslate":5,"minecraft:fire":7,"minecraft:pumpkin":13,"minecraft:deepslate_lapis_ore":1,"minecraft:azure_bluet":1,"minecraft:pointed_dripstone":1,"minecraft:dirt_path":66,"minecraft:azalea":7,"minecraft:deepslate_redstone_ore":1,"minecraft:cut_sandstone":1,"minecraft:quartz_block":9,"minecraft:blackstone":35,"minecraft:melon_stem":9,"minecraft:smoker":1,"minecraft:orange_terracotta":10,"minecraft:torch":58,"minecraft:blast_furnace":1,"minecraft:melon":11,"minecraft:chest":2,"minecraft:dead_bush":1,"minecraft:glass":1,"minecraft:nether_quartz_ore":130,"minecraft:cobblestone":29,"minecraft:cyan_bed":1,"minecraft:oak_planks":465,"minecraft:sugar_cane":68,"minecraft:wall_torch":91,"minecraft:pink_petals":6,"minecraft:warped_nylium":23,"minecraft:birch_log":360,"minecraft:wheat":346,"minecraft:warped_fungus":1,"minecraft:smooth_stone_slab":2,"minecraft:grass":21,"minecraft:oak_log":1085,"minecraft:beetroots":66,"gnumus:baked_gnumus_clay_stairs":1,"minecraft:acacia_fence":1,"minecraft:dirt":863,"minecraft:netherrack":2891,"minecraft:ancient_debris":6,"minecraft:oak_leaves":37,"minecraft:deepslate":632,"minecraft:infested_deepslate":1,"minecraft:nether_gold_ore":17,"minecraft:diamond_ore":1,"minecraft:crying_obsidian":1,"minecraft:tuff":69,"minecraft:quartz_stairs":1,"minecraft:mossy_cobblestone":3,"minecraft:deepslate_diamond_ore":29,"minecraft:cherry_sapling":5,"minecraft:dark_oak_log":83,"minecraft:dark_oak_fence":6,"minecraft:redstone_wire":1,"travelersbackpack:white_sleeping_bag":4,"minecraft:cartography_table":1,"minecraft:sandstone":18,"minecraft:hay_block":15,"minecraft:furnace":1,"minecraft:carrots":7,"minecraft:raw_gold_block":1,"gnumus:baked_gnumus_clay":1,"minecraft:chiseled_sandstone":2,"minecraft:andesite":82,"minecraft:bell":2,"minecraft:shroomlight":1,"minecraft:deepslate_iron_ore":46,"minecraft:rail":1,"minecraft:stone":964,"travelersbackpack:spider":4,"minecraft:smithing_table":1,"minecraft:oak_slab":2,"minecraft:birch_stairs":39,"minecraft:flowering_azalea":3,"minecraft:glass_pane":10,"minecraft:cherry_planks":25,"minecraft:basalt":142,"travelersbackpack:standard":2,"minecraft:crafting_table":4,"minecraft:copper_ore":1,"minecraft:lapis_ore":3,"minecraft:deepslate_gold_ore":3,"minecraft:diorite":53,"minecraft:warped_wart_block":1,"minecraft:birch_planks":41,"minecraft:cactus":18,"minecraft:sweet_berry_bush":11,"minecraft:white_carpet":3,"minecraft:birch_leaves":33,"minecraft:coal_ore":23,"minecraft:flower_pot":1,"minecraft:gravel":32,"minecraft:terracotta":14,"minecraft:birch_fence":16},"minecraft:picked_up":{"minecraft:wooden_axe":2,"minecraft:wheat":268,"minecraft:smithing_table":1,"gnumus:gnumus_claw":23,"minecraft:lead":3,"minecraft:diamond_sword":10,"minecraft:nether_brick":5,"travelersbackpack:spider":5,"minecraft:string":14,"minecraft:raw_copper":22,"minecraft:netherite_ingot":1,"minecraft:shroomlight":2,"minecraft:beetroot":62,"minecraft:diamond_leggings":4,"minecraft:gold_nugget":726,"minecraft:cobbled_deepslate":677,"gnumus:packaged_goods":14,"minecraft:rose_bush":2,"minecraft:azalea":6,"minecraft:netherite_upgrade_smithing_template":1,"minecraft:iron_pickaxe":1,"minecraft:melon_slice":66,"minecraft:iron_boots":1,"minecraft:furnace":1,"gnumus:vintage_gnumus_pickaxe":3,"minecraft:stick":262,"minecraft:oak_fence":2,"minecraft:torch":519,"minecraft:porkchop":37,"minecraft:lightning_rod":4,"minecraft:cherry_log":209,"minecraft:pointed_dripstone":4,"minecraft:diorite":53,"gnumus:gnumus_helmet_helmet":3,"gnumus:grilled_juicy_meat":42,"gnumus:wrapper_with_goods":2,"minecraft:quartz_block":9,"gnumus:gnumus_clay_brick_slap":1,"gnumus:vintage_metal":1,"minecraft:cactus":19,"minecraft:rotten_flesh":21,"minecraft:red_tulip":1,"gnumus:gnumus_chickpeas":36,"minecraft:netherite_chestplate":1,"minecraft:obsidian":5,"minecraft:cobblestone":948,"minecraft:birch_log":337,"minecraft:dune_armor_trim_smithing_template":2,"minecraft:pink_petals":5,"minecraft:magma_block":31,"gnumus:gnumus_doubloons":12,"minecraft:feather":14,"minecraft:cooked_beef":43,"minecraft:cherry_planks":59,"minecraft:cherry_leaves":3,"minecraft:andesite":82,"gnumus:overripe_carrot":16,"minecraft:brown_wool":1,"minecraft:smoker":1,"minecraft:flint":1,"minecraft:tuff":68,"minecraft:cherry_door":2,"minecraft:lapis_lazuli":110,"minecraft:dirt":1096,"gnumus:gnumus_pouch_2":10,"minecraft:bone":13,"minecraft:wheat_seeds":807,"minecraft:raw_gold":26,"minecraft:bell":4,"minecraft:rabbit":15,"minecraft:diamond_helmet":1,"minecraft:oak_planks":1209,"gnumus:baked_gnumus_clay_stairs":1,"minecraft:cooked_porkchop":68,"minecraft:warped_wart_block":28,"minecraft:dark_oak_log":63,"minecraft:chiseled_sandstone":2,"minecraft:iron_hoe":1,"gnumus:vintage_parts":3,"minecraft:diamond":97,"gnumus:gnumus_clay":61,"minecraft:cracked_polished_blackstone_bricks":1,"minecraft:granite":52,"minecraft:emerald":9,"minecraft:bread":11,"minecraft:oak_sapling":192,"minecraft:netherrack":3721,"minecraft:dark_oak_fence":7,"minecraft:diamond_pickaxe":5,"minecraft:charcoal":2,"minecraft:crafting_table":4,"minecraft:allium":1,"minecraft:azure_bluet":1,"minecraft:chicken":19,"minecraft:wooden_pickaxe":1,"minecraft:pink_wool":1,"minecraft:cooked_rabbit":8,"minecraft:moss_carpet":3,"minecraft:iron_axe":3,"minecraft:flint_and_steel":2,"minecraft:white_carpet":3,"minecraft:iron_shovel":1,"minecraft:birch_fence":15,"minecraft:blackstone":62,"minecraft:cartography_table":1,"minecraft:candle":1,"minecraft:beef":30,"minecraft:light_gray_wool":3,"minecraft:spruce_slab":1,"minecraft:quartz_stairs":1,"minecraft:sugar_cane":87,"minecraft:chest":3,"minecraft:birch_sapling":88,"minecraft:phantom_membrane":1,"minecraft:egg":4,"minecraft:dark_oak_sapling":5,"minecraft:raw_iron":220,"minecraft:sandstone":17,"minecraft:raw_gold_block":1,"gnumus:juicy_meat":6,"gnumus:gnumus_clay_brick":1,"minecraft:polished_blackstone_bricks":28,"minecraft:stone_button":1,"minecraft:carrot":7,"minecraft:redstone":19,"minecraft:dark_oak_planks":1,"minecraft:arrow":10,"minecraft:diamond_chestplate":3,"minecraft:cooked_cod":8,"minecraft:beetroot_seeds":171,"minecraft:diamond_boots":3,"minecraft:hay_block":15,"minecraft:saddle":2,"gnumus:gnumus_pouch_3":1,"gnumus:mouse_skin":52,"minecraft:glow_berries":9,"minecraft:mutton":93,"minecraft:white_wool":44,"minecraft:basalt":142,"minecraft:golden_carrot":11,"minecraft:cut_sandstone":2,"minecraft:leather":32,"gnumus:gnumus_pouch":5,"minecraft:birch_planks":47,"minecraft:oak_log":1071,"minecraft:ancient_debris":14,"minecraft:gunpowder":2,"minecraft:paper":15,"minecraft:orange_terracotta":7,"minecraft:cooked_mutton":125,"minecraft:apple":20,"gnumus:gnumus_horn":1,"gnumus:baked_gnumus_clay":1,"minecraft:warped_stem":4,"minecraft:iron_ingot":199,"minecraft:cooked_chicken":13,"minecraft:iron_sword":1,"minecraft:flowering_azalea":6,"minecraft:oak_slab":2,"minecraft:warped_fungus":3,"minecraft:pumpkin":12,"minecraft:sweet_berries":67,"gnumus:vintage_alloy_ingot":1,"minecraft:quartz":2396,"minecraft:dripstone_block":3,"minecraft:gravel":35,"minecraft:birch_stairs":38,"minecraft:amethyst_shard":3,"gnumus:gnumus_cheese":3,"minecraft:blast_furnace":1,"minecraft:white_bed":12,"minecraft:crying_obsidian":1,"minecraft:spider_eye":4,"travelersbackpack:standard":3,"minecraft:slime_ball":6,"minecraft:iron_helmet":1,"minecraft:diamond_axe":3,"minecraft:painting":1,"minecraft:cherry_sapling":99,"minecraft:gray_wool":5,"minecraft:warped_roots":1,"minecraft:terracotta":13,"minecraft:melon_seeds":11,"minecraft:black_wool":2,"minecraft:coal":376,"minecraft:ender_pearl":4},"minecraft:custom":{"minecraft:interact_with_crafting_table":161,"minecraft:bell_ring":2,"minecraft:leave_game":22,"minecraft:time_since_death":18935,"minecraft:damage_resisted":303,"minecraft:sprint_one_cm":3448808,"minecraft:drop":153,"minecraft:talked_to_villager":2,"minecraft:play_time":1033627,"minecraft:deaths":11,"minecraft:jump":11566,"minecraft:walk_on_water_one_cm":41869,"minecraft:interact_with_furnace":148,"minecraft:interact_with_cartography_table":4,"minecraft:sleep_in_bed":26,"minecraft:waystone_activated":5,"minecraft:damage_dealt":33269,"minecraft:player_kills":14,"minecraft:crouch_one_cm":202835,"minecraft:interact_with_smoker":94,"minecraft:horse_one_cm":613421,"minecraft:interact_with_smithing_table":28,"minecraft:interact_with_anvil":12,"minecraft:mob_kills":175,"minecraft:interact_with_campfire":9,"minecraft:climb_one_cm":196,"minecraft:walk_one_cm":2488715,"minecraft:sneak_time":57486,"minecraft:walk_under_water_one_cm":15427,"minecraft:interact_with_blast_furnace":20,"minecraft:total_world_time":1033627,"minecraft:time_since_rest":18976,"minecraft:damage_taken":15781,"minecraft:swim_one_cm":31157,"minecraft:fly_one_cm":1420153,"minecraft:open_chest":737,"minecraft:fall_one_cm":369919},"minecraft:used":{"minecraft:iron_shovel":1570,"minecraft:melon":3,"minecraft:chest":18,"minecraft:iron_sword":52,"minecraft:bell":5,"minecraft:quartz_stairs":29,"minecraft:mutton":1,"minecraft:azure_bluet":1,"minecraft:glass":140,"minecraft:quartz_block":373,"minecraft:cherry_leaves":2,"gnumus:vintage_gnumus_pickaxe":581,"minecraft:golden_sword":32,"minecraft:magma_block":2,"minecraft:sweet_berries":39,"minecraft:oak_sapling":41,"minecraft:furnace":6,"minecraft:cooked_cod":15,"minecraft:beetroot_seeds":64,"minecraft:egg":2,"gnumus:grilled_juicy_meat":21,"travelersbackpack:spider":6,"minecraft:diorite":1,"minecraft:oak_planks":923,"minecraft:stone_pickaxe":17,"minecraft:cactus":1,"minecraft:blackstone":1,"minecraft:wooden_pickaxe":38,"minecraft:sugar_cane":3,"minecraft:diamond_axe":653,"minecraft:glow_berries":2,"minecraft:blast_furnace":1,"gnumus:gnumus_cutlass":12,"minecraft:lightning_rod":4,"minecraft:birch_fence":52,"minecraft:dark_oak_log":16,"minecraft:melon_slice":2,"minecraft:diamond_sword":543,"minecraft:wooden_sword":37,"minecraft:dark_oak_fence":1,"minecraft:smithing_table":1,"minecraft:cooked_rabbit":10,"gnumus:juicy_meat":2,"minecraft:azalea":2,"minecraft:oak_fence":3,"minecraft:flint_and_steel":128,"minecraft:redstone":1,"minecraft:cooked_chicken":26,"minecraft:netherrack":43,"minecraft:torch":532,"minecraft:dirt":1440,"minecraft:anvil":1,"minecraft:white_carpet":45,"minecraft:shroomlight":1,"minecraft:iron_hoe":527,"minecraft:dark_oak_planks":15,"minecraft:wooden_axe":213,"minecraft:flowering_azalea":2,"minecraft:iron_axe":1792,"minecraft:melon_seeds":3,"minecraft:basalt":7,"minecraft:golden_carrot":1,"minecraft:beef":3,"minecraft:cooked_beef":20,"minecraft:pumpkin":11,"minecraft:cobbled_deepslate":3,"minecraft:pointed_dripstone":1,"minecraft:wheat_seeds":539,"minecraft:cooked_mutton":83,"minecraft:water_bucket":35,"minecraft:rabbit":7,"minecraft:lead":1,"minecraft:birch_planks":463,"minecraft:cherry_planks":520,"minecraft:warped_roots":1,"minecraft:oak_slab":8,"minecraft:crafting_table":14,"minecraft:white_bed":15,"gnumus:gnumus_cheese":1,"minecraft:painting":1,"minecraft:smoker":1,"minecraft:diamond_pickaxe":4183,"minecraft:apple":8,"minecraft:cherry_door":2,"minecraft:iron_pickaxe":738,"minecraft:cobblestone":96,"travelersbackpack:standard":2,"minecraft:porkchop":4,"minecraft:cooked_porkchop":27,"minecraft:glass_pane":32,"minecraft:bucket":35,"minecraft:birch_stairs":79},"minecraft:dropped":{"minecraft:iron_sword":1,"minecraft:cooked_beef":22,"gnumus:gnumus_helmet_helmet":1,"minecraft:diamond":13,"minecraft:cooked_porkchop":1,"minecraft:dirt":4,"gnumus:grilled_juicy_meat":1,"minecraft:birch_log":1,"minecraft:white_wool":2,"minecraft:bone":4,"minecraft:cobbled_deepslate":1,"minecraft:birch_sapling":17,"minecraft:wheat":27,"minecraft:beetroot":2,"minecraft:oak_planks":3647,"minecraft:cooked_mutton":2,"minecraft:quartz_block":12,"gnumus:juicy_meat":1,"minecraft:beef":1,"gnumus:vintage_parts":1,"minecraft:netherrack":1,"minecraft:iron_ingot":9,"minecraft:cobblestone":1,"minecraft:coal":3,"minecraft:torch":1,"minecraft:wooden_axe":2,"travelersbackpack:spider":1,"minecraft:iron_axe":3,"minecraft:bucket":7,"minecraft:netherite_ingot":1,"gnumus:vintage_gnumus_pickaxe":1,"minecraft:diamond_sword":7,"minecraft:diamond_chestplate":1,"minecraft:oak_sapling":10,"minecraft:slime_ball":4,"minecraft:wooden_pickaxe":1,"minecraft:cooked_rabbit":2},"minecraft:killed":{"minecraft:cave_spider":2,"minecraft:spider":8,"minecraft:skeleton":11,"minecraft:chicken":13,"minecraft:piglin":1,"gnumus:gnumus_shaman":1,"minecraft:pig":18,"gnumus:big_snout":1,"minecraft:iron_golem":1,"minecraft:creeper":3,"minecraft:sheep":56,"minecraft:zombie":20,"minecraft:cow":16,"minecraft:phantom":2,"gnumus:gnumus_worker":5,"gnumus:gnumus_hunter":6,"gnumus:gnumus_hunter_not_dispawn":7,"minecraft:husk":3},"minecraft:broken":{"minecraft:iron_shovel":6,"minecraft:iron_boots":1,"gnumus:gnumus_cutlass":1,"minecraft:golden_sword":1,"minecraft:diamond_pickaxe":1,"minecraft:wooden_axe":3,"minecraft:iron_hoe":1,"minecraft:flint_and_steel":2,"minecraft:iron_axe":4,"minecraft:iron_pickaxe":1,"minecraft:iron_helmet":1}},"DataVersion":3465}