{"stats":{"minecraft:broken":{"minecraft:wooden_shovel":2,"minecraft:iron_boots":1,"minecraft:wooden_sword":1,"minecraft:iron_sword":6,"minecraft:iron_hoe":1,"minecraft:iron_axe":3,"minecraft:iron_pickaxe":7,"minecraft:golden_helmet":1,"minecraft:iron_shovel":1,"minecraft:stone_axe":1,"minecraft:wooden_axe":3},"minecraft:mined":{"minecraft:white_bed":2,"minecraft:cherry_log":109,"minecraft:obsidian":13,"minecraft:potted_dead_bush":6,"minecraft:granite":1,"minecraft:brown_wool":1,"minecraft:chiseled_stone_bricks":1,"minecraft:spawner":3,"minecraft:polished_blackstone_bricks":27,"minecraft:magma_block":27,"minecraft:mossy_cobblestone_stairs":1,"minecraft:cobbled_deepslate":6,"minecraft:fire":150,"minecraft:pumpkin":9,"minecraft:moss_carpet":3,"minecraft:deepslate_lapis_ore":3,"minecraft:cave_vines":2,"minecraft:water_cauldron":2,"minecraft:dirt_path":3,"minecraft:oak_stairs":37,"minecraft:smooth_sandstone_stairs":8,"minecraft:tripwire":6,"minecraft:cut_sandstone":5,"minecraft:smoker":1,"minecraft:soul_fire":6,"minecraft:torch":33,"minecraft:melon":3,"minecraft:dead_bush":1,"minecraft:cyan_bed":3,"minecraft:sugar_cane":1,"minecraft:amethyst_block":6,"minecraft:wheat":1,"minecraft:stone_brick_stairs":2,"minecraft:grass":79,"minecraft:sandstone_wall":5,"minecraft:red_mushroom_block":1,"minecraft:stonecutter":1,"minecraft:deepslate":518,"minecraft:mossy_cobblestone":3,"minecraft:dark_oak_log":390,"minecraft:nether_bricks":11,"minecraft:dark_oak_fence":8,"minecraft:allium":2,"minecraft:moss_block":3,"minecraft:cartography_table":2,"gnumus:baked_gnumus_clay":2,"minecraft:andesite":3,"gnumus:fragile_gnumus_jug":56,"travelersbackpack:spider":1,"minecraft:birch_stairs":2,"minecraft:glass_pane":5,"minecraft:cherry_planks":7,"minecraft:soul_sand":70,"minecraft:brown_carpet":2,"minecraft:smooth_sandstone":13,"minecraft:tall_grass":11,"minecraft:deepslate_gold_ore":8,"minecraft:white_carpet":1,"minecraft:spruce_log":8,"minecraft:birch_leaves":64,"minecraft:gravel":1,"minecraft:dripstone_block":1,"minecraft:cobweb":119,"minecraft:gold_ore":3,"minecraft:stone_pressure_plate":1,"minecraft:sculk_vein":128,"minecraft:potted_cactus":4,"minecraft:brewing_stand":1,"minecraft:cave_vines_plant":2,"cataclysm:sandstone_ignite_trap":9,"minecraft:budding_amethyst":2,"minecraft:grass_block":175,"minecraft:cracked_polished_blackstone_bricks":13,"minecraft:soul_soil":27,"minecraft:sculk_catalyst":4,"minecraft:iron_ore":5,"minecraft:anvil":2,"minecraft:pointed_dripstone":3,"minecraft:iron_bars":7,"minecraft:azalea":14,"minecraft:spruce_slab":3,"minecraft:deepslate_redstone_ore":29,"minecraft:blackstone":9,"minecraft:medium_amethyst_bud":1,"minecraft:clay":1,"minecraft:chest":2,"minecraft:nether_quartz_ore":102,"minecraft:cobblestone":23,"minecraft:grindstone":1,"minecraft:oak_planks":289,"minecraft:wall_torch":19,"minecraft:cauldron":1,"minecraft:lapis_block":2,"minecraft:birch_log":115,"minecraft:oak_log":78,"minecraft:sand":27,"minecraft:dirt":86,"minecraft:tripwire_hook":1,"minecraft:netherrack":1595,"minecraft:oak_leaves":31,"minecraft:nether_gold_ore":5,"minecraft:crying_obsidian":4,"minecraft:tuff":246,"minecraft:yellow_wall_banner":1,"minecraft:dark_oak_leaves":83,"minecraft:deepslate_diamond_ore":2,"minecraft:oak_door":3,"minecraft:decorated_pot":2,"minecraft:potted_azalea_bush":1,"travelersbackpack:white_sleeping_bag":15,"minecraft:spruce_leaves":50,"minecraft:sandstone":221,"minecraft:large_fern":3,"minecraft:hay_block":40,"minecraft:furnace":4,"minecraft:raw_gold_block":5,"minecraft:chiseled_sandstone":6,"minecraft:bell":1,"minecraft:nether_brick_fence":4,"minecraft:bookshelf":9,"minecraft:deepslate_iron_ore":10,"minecraft:lantern":1,"minecraft:stone":133,"minecraft:acacia_leaves":4,"minecraft:flowering_azalea":13,"minecraft:basalt":44,"travelersbackpack:standard":2,"minecraft:oak_fence":21,"minecraft:crafting_table":2,"minecraft:blackstone_slab":1,"minecraft:lectern":1,"minecraft:sculk":1155,"minecraft:birch_planks":19,"minecraft:cactus":1,"gnumus:gnumus_clay_brick_stairs":1,"minecraft:coal_ore":3,"minecraft:cherry_leaves":207,"minecraft:cracked_stone_bricks":1,"minecraft:birch_fence":4},"minecraft:crafted":{"gnumus:grilled_juicy_meat":85,"minecraft:cooked_mutton":6,"gnumus:vintage_gnumus_pickaxe":1,"minecraft:glass":81,"minecraft:diamond_leggings":1,"gnumus:vintage_alloy_ingot":2,"minecraft:birch_fence_gate":3,"gnumus:pileof_gnumus_doubloons":12,"minecraft:wooden_shovel":3,"minecraft:cooked_porkchop":49,"travelersbackpack:lapis":1,"travelersbackpack:standard":3,"travelersbackpack:skeleton":1,"minecraft:painting":6,"gnumus:gnumus_pickaxe":1,"minecraft:iron_pickaxe":8,"minecraft:gold_ingot":14,"minecraft:birch_stairs":24,"minecraft:diamond_hoe":1,"minecraft:white_carpet":60,"travelersbackpack:magma_cube":2,"minecraft:dark_oak_fence":186,"travelersbackpack:white_sleeping_bag":3,"minecraft:stone_pickaxe":1,"minecraft:diamond_boots":1,"gnumus:gnumus_helmet_helmet":1,"minecraft:spruce_boat":1,"minecraft:dark_oak_planks":716,"minecraft:lead":2,"minecraft:golden_helmet":2,"travelersbackpack:spider":1,"minecraft:oak_fence_gate":3,"minecraft:wooden_axe":3,"minecraft:oak_stairs":84,"minecraft:iron_shovel":1,"minecraft:iron_leggings":1,"minecraft:white_bed":1,"minecraft:oak_planks":292,"minecraft:cooked_chicken":35,"cataclysm:bone_reptile_helmet":1,"minecraft:bow":3,"minecraft:iron_boots":1,"tombstone:grave_key":3,"minecraft:chest":94,"minecraft:oak_fence":39,"minecraft:smoker":1,"minecraft:crafting_table":5,"minecraft:spruce_planks":28,"minecraft:wooden_pickaxe":1,"minecraft:birch_planks":128,"minecraft:iron_chestplate":1,"minecraft:charcoal":32,"minecraft:diamond_pickaxe":2,"minecraft:birch_fence":114,"minecraft:stick":456,"minecraft:iron_ingot":61,"minecraft:stone_sword":1,"minecraft:dark_oak_fence_gate":2,"minecraft:shears":2,"cataclysm:bone_reptile_chestplate":1,"minecraft:cherry_planks":148,"minecraft:wooden_sword":1,"minecraft:oak_door":6,"minecraft:leather_boots":1,"minecraft:furnace":1,"minecraft:iron_axe":1,"minecraft:cooked_beef":59,"minecraft:cooked_cod":30,"minecraft:diamond_sword":1,"travelersbackpack:backpack_tank":4,"minecraft:iron_sword":10,"minecraft:bucket":1,"minecraft:stone_axe":3,"minecraft:air":0,"minecraft:oak_boat":2,"minecraft:gold_nugget":9,"minecraft:cherry_door":3,"minecraft:torch":112,"minecraft:lapis_block":4,"minecraft:diamond_chestplate":1},"minecraft:used":{"minecraft:chest":78,"minecraft:spruce_boat":1,"cataclysm:infernal_forge":3,"minecraft:cherry_leaves":133,"gnumus:vintage_gnumus_pickaxe":1,"gnumus:gnumus_helmet_helmet":3,"minecraft:bow":37,"minecraft:sweet_berries":16,"minecraft:furnace":4,"minecraft:oak_sapling":95,"gnumus:grilled_juicy_meat":122,"minecraft:wooden_pickaxe":51,"minecraft:sand":4,"minecraft:birch_fence":14,"minecraft:lectern":1,"minecraft:wooden_sword":58,"travelersbackpack:magma_cube":2,"minecraft:dark_oak_fence":179,"minecraft:oak_boat":5,"gnumus:juicy_meat":12,"travelersbackpack:skeleton":1,"waystones:sandy_waystone":16,"minecraft:stone_sword":84,"minecraft:netherrack":554,"minecraft:torch":152,"minecraft:brewing_stand":1,"minecraft:anvil":2,"minecraft:oak_fence_gate":3,"minecraft:flowering_azalea":14,"minecraft:birch_chest_boat":2,"minecraft:iron_axe":739,"minecraft:melon_seeds":4,"minecraft:basalt":86,"tombstone:gift":4,"minecraft:cobbled_deepslate":74,"gnumus:vintage_gnumus_cutlass":60,"minecraft:wheat_seeds":37,"minecraft:water_bucket":17,"minecraft:birch_planks":38,"minecraft:lead":2,"minecraft:cartography_table":2,"minecraft:cherry_planks":4,"minecraft:cauldron":2,"minecraft:crafting_table":7,"minecraft:white_bed":1,"minecraft:dark_oak_fence_gate":2,"minecraft:oak_log":4,"minecraft:diamond_pickaxe":1201,"minecraft:iron_pickaxe":2254,"travelersbackpack:white_sleeping_bag":17,"minecraft:cobblestone":68,"travelersbackpack:standard":3,"minecraft:cooked_porkchop":54,"minecraft:porkchop":40,"minecraft:cherry_sapling":5,"minecraft:moss_carpet":1,"minecraft:iron_shovel":326,"travelersbackpack:lapis":27,"minecraft:diamond_hoe":775,"minecraft:shield":15,"minecraft:iron_sword":1672,"cataclysm:monstrous_eye":1,"minecraft:nether_bricks":11,"minecraft:carrot":7,"minecraft:tuff":139,"minecraft:obsidian":6,"minecraft:glass":56,"minecraft:raw_gold_block":5,"minecraft:magma_block":3,"minecraft:hay_block":37,"travelersbackpack:spider":76,"minecraft:stone_pickaxe":6,"minecraft:oak_planks":2258,"minecraft:dripstone_block":1,"minecraft:shears":201,"waystones:waystone":6,"minecraft:birch_fence_gate":3,"minecraft:dark_oak_log":16,"minecraft:cyan_bed":3,"minecraft:bread":21,"tombstone:grave_key":8,"minecraft:golden_helmet":5,"minecraft:grindstone":1,"minecraft:golden_pickaxe":1,"minecraft:azalea":14,"minecraft:oak_fence":10,"minecraft:flint_and_steel":39,"minecraft:tropical_fish":1,"minecraft:wooden_shovel":118,"minecraft:cooked_chicken":25,"minecraft:oak_door":6,"minecraft:dirt":183,"minecraft:spyglass":64,"minecraft:white_carpet":58,"minecraft:diamond_helmet":1,"minecraft:iron_hoe":411,"minecraft:wooden_axe":186,"minecraft:oak_stairs":74,"minecraft:cooked_beef":17,"minecraft:cooked_mutton":6,"minecraft:birch_boat":2,"minecraft:spruce_sign":1,"minecraft:stonecutter":1,"minecraft:painting":34,"minecraft:smoker":3,"minecraft:flower_pot":1,"minecraft:apple":17,"minecraft:cherry_door":3,"minecraft:stone_axe":250,"minecraft:pink_petals":1,"gnumus:lucky_hat_helmet":1,"minecraft:lapis_block":2,"minecraft:bucket":23,"minecraft:birch_stairs":6},"minecraft:killed_by":{"cataclysm:koboleton":1,"minecraft:wither_skeleton":2,"minecraft:creeper":1,"minecraft:blaze":1,"minecraft:player":3},"minecraft:killed":{"minecraft:cave_spider":11,"minecraft:skeleton":19,"minecraft:chicken":38,"minecraft:skeleton_horse":1,"gnumus:big_snout":26,"minecraft:zombie":16,"minecraft:cow":42,"minecraft:endermite":1,"minecraft:horse":1,"gnumus:gnumus_hunter":20,"cataclysm:koboleton":4,"gnumus:gnumus_hunter_not_dispawn":19,"minecraft:husk":8,"minecraft:rabbit":1,"minecraft:enderman":2,"minecraft:witch":1,"minecraft:spider":15,"gnumus:pitcher_mousse":50,"minecraft:turtle":4,"minecraft:piglin_brute":2,"minecraft:wolf":1,"minecraft:pig":84,"gnumus:gnumus_shaman":4,"minecraft:creeper":3,"gnumus:marsupial_mousse":11,"minecraft:sheep":84,"minecraft:stray":3,"minecraft:blaze":2,"minecraft:phantom":2,"gnumus:gnumus_worker":15,"minecraft:wither_skeleton":2},"minecraft:dropped":{"minecraft:iron_sword":12,"minecraft:cooked_beef":11,"gnumus:overripe_carrot":5,"minecraft:crossbow":1,"travelersbackpack:iron_tier_upgrade":1,"minecraft:saddle":2,"minecraft:red_mushroom":1,"minecraft:dirt":87,"minecraft:birch_fence":50,"gnumus:gnumus_claw":4,"minecraft:gold_nugget":18,"minecraft:sand":8,"minecraft:iron_pickaxe":5,"gnumus:grilled_juicy_meat":57,"minecraft:white_wool":74,"minecraft:bone":4,"minecraft:cooked_chicken":10,"minecraft:obsidian":4,"minecraft:rotten_flesh":5,"minecraft:oak_planks":249,"minecraft:white_bed":1,"gnumus:vintage_bullet":8,"gnumus:vintage_rifle":2,"gnumus:gnumus_horn":1,"minecraft:yellow_banner":1,"gnumus:vintage_parts":24,"cataclysm:infernal_forge":1,"minecraft:crying_obsidian":2,"minecraft:egg":2,"minecraft:iron_ingot":2,"gnumus:gnumus_cutlass":1,"minecraft:wheat_seeds":5,"minecraft:golden_horse_armor":1,"minecraft:iron_helmet":1,"minecraft:cobblestone":54,"minecraft:lava_bucket":2,"minecraft:cherry_planks":8,"minecraft:dead_bush":1,"minecraft:oak_stairs":1,"minecraft:paper":68,"minecraft:string":7,"minecraft:smooth_sandstone":2,"gnumus:vintage_alloy_ingot":1,"gnumus:vintage_metal":7,"minecraft:nether_bricks":5,"minecraft:shears":1,"minecraft:peony":1,"minecraft:diamond_pickaxe":1,"gnumus:pileof_gnumus_doubloons":2,"minecraft:spider_eye":3,"minecraft:sandstone":22,"minecraft:birch_boat":1,"minecraft:bow":1,"waystones:waystone":1,"minecraft:soul_sand":1,"minecraft:brown_mushroom":1,"minecraft:oak_log":29,"minecraft:golden_pickaxe":1,"cataclysm:lionfish":1,"minecraft:leather":1,"travelersbackpack:standard":1,"minecraft:cut_sandstone":3,"minecraft:seagrass":4,"minecraft:snowball":4,"gnumus:wrapper_with_goods":1,"minecraft:gold_ingot":7,"minecraft:blackstone":14,"minecraft:smooth_sandstone_stairs":1,"cataclysm:ignitium_upgrade_smithing_template":1,"minecraft:birch_fence_gate":1,"minecraft:chiseled_stone_bricks":2,"minecraft:sandstone_wall":1,"gnumus:gnumus_doubloons":16,"travelersbackpack:gold_tier_upgrade":1,"minecraft:gunpowder":2,"travelersbackpack:white_sleeping_bag":1,"minecraft:skeleton_skull":1,"minecraft:melon_seeds":1,"minecraft:chest":2,"cataclysm:ancient_metal_ingot":3,"minecraft:basalt":151,"minecraft:arrow":5,"minecraft:quartz":1373,"minecraft:oak_leaves":4,"minecraft:netherrack":112,"minecraft:cherry_log":107,"minecraft:diamond_leggings":2,"minecraft:lead":4,"minecraft:copper_ingot":18,"minecraft:stick":4,"minecraft:torch":3,"minecraft:melon_slice":5,"minecraft:brown_wool":2,"travelersbackpack:spider":1,"tombstone:grave_dust":1,"minecraft:iron_axe":3,"minecraft:chiseled_sandstone":1,"minecraft:iron_hoe":1,"minecraft:flint_and_steel":1,"minecraft:diamond_chestplate":2,"travelersbackpack:lapis":3,"minecraft:oak_sapling":11,"minecraft:diamond_boots":1,"gnumus:gnumus_cheese":1,"minecraft:magma_cream":14,"cataclysm:monstrous_horn":1,"gnumus:hearty_dinner":1},"minecraft:picked_up":{"minecraft:wooden_axe":1,"minecraft:seagrass":4,"minecraft:iron_chestplate":4,"minecraft:flower_pot":8,"minecraft:anvil":2,"minecraft:lead":8,"minecraft:oak_stairs":35,"minecraft:enchanted_book":2,"minecraft:brewing_stand":1,"minecraft:golden_sword":1,"minecraft:amethyst_block":5,"minecraft:polished_blackstone_brick_stairs":2,"minecraft:string":215,"minecraft:diamond_leggings":3,"minecraft:gold_nugget":95,"minecraft:cobbled_deepslate":524,"minecraft:melon_slice":24,"cataclysm:kobolediator_skull":1,"gnumus:lucky_hat_helmet":2,"minecraft:sandstone_wall":4,"minecraft:cherry_log":276,"minecraft:cauldron":3,"minecraft:brown_carpet":3,"gnumus:wrapper_with_goods":22,"minecraft:yellow_banner":1,"gnumus:vintage_metal":14,"minecraft:tropical_fish":1,"minecraft:blaze_rod":2,"minecraft:snowball":4,"minecraft:birch_log":252,"minecraft:magma_block":16,"minecraft:dune_armor_trim_smithing_template":1,"minecraft:feather":56,"minecraft:cooked_beef":1,"minecraft:cherry_leaves":163,"minecraft:water_bucket":1,"minecraft:brown_wool":3,"minecraft:smoker":2,"travelersbackpack:gold_tier_upgrade":1,"minecraft:lantern":1,"gnumus:gnumus_pouch_2":47,"cataclysm:koboleton_bone":6,"minecraft:stonecutter":2,"gnumus:vintage_rifle":2,"minecraft:rabbit":24,"minecraft:diamond_helmet":1,"minecraft:glowstone_dust":3,"minecraft:moss_block":7,"minecraft:birch_fence_gate":1,"minecraft:dark_oak_log":309,"minecraft:bundle":1,"cataclysm:lionfish":1,"minecraft:iron_hoe":4,"minecraft:snout_armor_trim_smithing_template":1,"minecraft:bread":12,"minecraft:dark_oak_fence":8,"minecraft:diamond_pickaxe":2,"minecraft:crafting_table":2,"minecraft:nether_wart":3,"minecraft:clay_ball":4,"minecraft:golden_pickaxe":1,"minecraft:mourner_pottery_sherd":4,"gnumus:business_hat_helmet":2,"gnumus:vintage_bullet":11,"minecraft:flint_and_steel":1,"minecraft:netherite_scrap":1,"minecraft:white_carpet":1,"minecraft:iron_shovel":2,"minecraft:polished_blackstone_wall":2,"minecraft:cartography_table":2,"travelersbackpack:lapis":3,"minecraft:beef":102,"minecraft:chest":16,"minecraft:birch_sapling":20,"minecraft:egg":4,"minecraft:sandstone":23,"minecraft:raw_gold_block":5,"minecraft:oak_door":9,"gnumus:juicy_meat":143,"minecraft:carrot":6,"minecraft:redstone":474,"minecraft:diamond_chestplate":4,"minecraft:decorated_pot":1,"minecraft:peony":1,"minecraft:shears":1,"minecraft:diamond_boots":2,"minecraft:hay_block":37,"minecraft:gold_ingot":14,"gnumus:mouse_skin":176,"minecraft:glow_berries":21,"minecraft:mutton":141,"minecraft:white_wool":121,"minecraft:birch_leaves":2,"minecraft:blackstone_slab":1,"minecraft:red_mushroom":2,"gnumus:gnumus_pouch":46,"waystones:sandy_waystone":16,"minecraft:oak_log":134,"minecraft:ancient_debris":1,"minecraft:golden_boots":1,"minecraft:paper":148,"minecraft:apple":42,"minecraft:arms_up_pottery_sherd":3,"minecraft:iron_sword":15,"minecraft:flowering_azalea":14,"minecraft:sweet_berries":52,"minecraft:spyglass":2,"gnumus:gnumus_clay_brick_stairs":1,"minecraft:gravel":1,"minecraft:birch_stairs":2,"gnumus:gnumus_cheese":32,"minecraft:spruce_sapling":5,"minecraft:spruce_log":7,"minecraft:crying_obsidian":2,"gnumus:hearty_dinner":2,"travelersbackpack:standard":4,"minecraft:snort_pottery_sherd":5,"minecraft:painting":28,"minecraft:gray_wool":4,"minecraft:melon_seeds":3,"minecraft:ender_pearl":10,"cataclysm:monstrous_horn":1,"minecraft:nether_brick_fence":4,"gnumus:gnumus_claw":157,"travelersbackpack:spider":3,"minecraft:lapis_block":2,"minecraft:raw_copper":12,"minecraft:iron_leggings":3,"minecraft:bucket":1,"gnumus:packaged_goods":99,"minecraft:azalea":16,"minecraft:iron_pickaxe":5,"cataclysm:khopesh":2,"minecraft:iron_boots":3,"minecraft:furnace":4,"minecraft:tipped_arrow":1,"minecraft:stick":130,"minecraft:oak_fence":17,"minecraft:torch":142,"travelersbackpack:iron_tier_upgrade":1,"minecraft:porkchop":196,"tombstone:grave_dust":1,"minecraft:pointed_dripstone":5,"gnumus:grilled_juicy_meat":163,"minecraft:cactus":4,"minecraft:rotten_flesh":26,"gnumus:gnumus_chickpeas":161,"minecraft:obsidian":11,"minecraft:cod":43,"minecraft:cobblestone":180,"minecraft:pink_petals":1,"gnumus:gnumus_doubloons":184,"minecraft:magma_cream":6,"minecraft:cherry_planks":18,"minecraft:andesite":3,"gnumus:overripe_carrot":78,"minecraft:tuff":241,"minecraft:smooth_sandstone_stairs":7,"minecraft:danger_pottery_sherd":5,"minecraft:lapis_lazuli":43,"minecraft:dirt":281,"minecraft:name_tag":8,"minecraft:glass":2,"minecraft:bone":65,"minecraft:bow":1,"minecraft:wheat_seeds":111,"minecraft:raw_gold":29,"minecraft:bell":1,"minecraft:grindstone":1,"minecraft:oak_planks":3505,"minecraft:cooked_porkchop":34,"minecraft:birch_chest_boat":2,"minecraft:sand":49,"minecraft:cyan_bed":3,"minecraft:dead_bush":6,"minecraft:chiseled_sandstone":15,"minecraft:mossy_cobblestone":3,"travelersbackpack:white_sleeping_bag":18,"gnumus:vintage_parts":28,"minecraft:diamond":39,"minecraft:spruce_boat":2,"gnumus:gnumus_clay":286,"waystones:waystone":8,"minecraft:cracked_polished_blackstone_bricks":37,"minecraft:crossbow":1,"minecraft:grass":2,"minecraft:golden_apple":3,"cataclysm:ancient_metal_nugget":16,"minecraft:emerald":42,"cataclysm:sandstone_ignite_trap":7,"minecraft:oak_sapling":113,"minecraft:netherrack":1338,"minecraft:oak_leaves":4,"cataclysm:ignitium_upgrade_smithing_template":1,"gnumus:gnumus_totem":3,"minecraft:chicken":58,"cataclysm:monstrous_eye":1,"minecraft:brown_mushroom":1,"minecraft:wooden_pickaxe":1,"minecraft:diamond_horse_armor":1,"minecraft:shield":3,"minecraft:moss_carpet":2,"minecraft:wooden_sword":1,"minecraft:iron_axe":7,"minecraft:birch_fence":4,"minecraft:blackstone":18,"minecraft:oak_boat":6,"minecraft:light_gray_wool":2,"minecraft:lectern":1,"minecraft:sugar_cane":5,"minecraft:phantom_membrane":1,"minecraft:dark_oak_sapling":18,"minecraft:raw_iron":57,"minecraft:copper_ingot":18,"minecraft:polished_blackstone_bricks":54,"minecraft:stone_pressure_plate":1,"minecraft:arrow":57,"minecraft:nether_bricks":16,"minecraft:saddle":2,"gnumus:gnumus_pouch_3":4,"minecraft:skeleton_skull":1,"minecraft:basalt":237,"minecraft:golden_carrot":42,"minecraft:leather":88,"minecraft:cut_sandstone":8,"minecraft:birch_planks":44,"minecraft:gunpowder":8,"minecraft:cooked_mutton":4,"minecraft:smooth_sandstone":22,"cataclysm:infernal_forge":1,"gnumus:gnumus_horn":15,"gnumus:baked_gnumus_clay":2,"minecraft:rabbit_hide":15,"minecraft:iron_ingot":19,"minecraft:cooked_chicken":1,"minecraft:soul_sand":3,"minecraft:book":27,"minecraft:pumpkin":9,"minecraft:birch_boat":3,"minecraft:chiseled_stone_bricks":2,"gnumus:vintage_alloy_ingot":1,"minecraft:quartz":1703,"minecraft:raw_iron_block":4,"minecraft:dripstone_block":49,"minecraft:amethyst_shard":11,"minecraft:white_bed":2,"minecraft:spider_eye":19,"cataclysm:ancient_metal_ingot":11,"minecraft:iron_helmet":1,"minecraft:cherry_sapling":118,"minecraft:mossy_cobblestone_stairs":1,"minecraft:black_wool":2,"gnumus:vintage_gnumus_cutlass":2,"minecraft:coal":69},"minecraft:custom":{"minecraft:interact_with_crafting_table":144,"minecraft:open_barrel":3,"minecraft:bell_ring":32,"minecraft:leave_game":18,"minecraft:time_since_death":30374,"minecraft:damage_blocked_by_shield":570,"minecraft:play_time":1573060,"minecraft:deaths":10,"minecraft:jump":17070,"minecraft:interact_with_furnace":67,"minecraft:sleep_in_bed":26,"minecraft:waystone_activated":36,"minecraft:damage_dealt":67690,"tombstone:undead_killed":5,"minecraft:interact_with_smoker":78,"minecraft:use_cauldron":4,"minecraft:horse_one_cm":1347876,"minecraft:interact_with_smithing_table":5,"minecraft:interact_with_anvil":9,"minecraft:sneak_time":29520,"minecraft:interact_with_blast_furnace":15,"minecraft:total_world_time":1573060,"minecraft:time_since_rest":29566,"minecraft:swim_one_cm":50492,"minecraft:fly_one_cm":2371402,"minecraft:open_chest":1261,"minecraft:fall_one_cm":416289,"minecraft:damage_resisted":887,"minecraft:sprint_one_cm":4835010,"minecraft:drop":239,"minecraft:talked_to_villager":5,"minecraft:interact_with_brewingstand":1,"minecraft:walk_on_water_one_cm":81718,"minecraft:player_kills":1,"minecraft:crouch_one_cm":86266,"minecraft:mob_kills":494,"minecraft:fill_cauldron":1,"minecraft:interact_with_campfire":6,"minecraft:damage_dealt_resisted":760,"minecraft:climb_one_cm":2601,"minecraft:walk_one_cm":4488479,"minecraft:walk_under_water_one_cm":47330,"minecraft:boat_one_cm":35597,"minecraft:pot_flower":3,"minecraft:interact_with_grindstone":1,"minecraft:damage_taken":26792,"minecraft:trigger_trapped_chest":2}},"DataVersion":3465}