{"stats":{"minecraft:broken":{"minecraft:iron_shovel":1,"minecraft:wooden_shovel":2,"minecraft:iron_boots":1,"minecraft:wooden_sword":1,"minecraft:stone_axe":1,"minecraft:iron_sword":6,"minecraft:wooden_axe":3,"minecraft:iron_hoe":1,"minecraft:iron_axe":3,"minecraft:iron_pickaxe":5},"minecraft:mined":{"minecraft:white_bed":2,"minecraft:stone_pressure_plate":1,"minecraft:cherry_log":109,"minecraft:sculk_vein":128,"minecraft:potted_cactus":4,"minecraft:brewing_stand":1,"minecraft:obsidian":13,"minecraft:cave_vines_plant":2,"minecraft:potted_dead_bush":6,"minecraft:granite":1,"minecraft:budding_amethyst":2,"minecraft:grass_block":173,"minecraft:brown_wool":1,"minecraft:cracked_polished_blackstone_bricks":13,"minecraft:soul_soil":27,"minecraft:chiseled_stone_bricks":1,"minecraft:spawner":3,"minecraft:polished_blackstone_bricks":21,"minecraft:magma_block":26,"minecraft:sculk_catalyst":4,"minecraft:mossy_cobblestone_stairs":1,"minecraft:iron_ore":5,"minecraft:fire":72,"minecraft:cobbled_deepslate":6,"minecraft:anvil":2,"minecraft:moss_carpet":3,"minecraft:pumpkin":9,"minecraft:deepslate_lapis_ore":3,"minecraft:pointed_dripstone":3,"minecraft:cave_vines":2,"minecraft:water_cauldron":2,"minecraft:dirt_path":3,"minecraft:iron_bars":7,"minecraft:oak_stairs":37,"minecraft:azalea":14,"minecraft:spruce_slab":3,"minecraft:deepslate_redstone_ore":29,"minecraft:blackstone":7,"minecraft:medium_amethyst_bud":1,"minecraft:smoker":1,"minecraft:clay":1,"minecraft:torch":33,"minecraft:melon":3,"minecraft:chest":2,"minecraft:nether_quartz_ore":35,"minecraft:cobblestone":23,"minecraft:cyan_bed":3,"minecraft:oak_planks":287,"minecraft:grindstone":1,"minecraft:wall_torch":19,"minecraft:cauldron":1,"minecraft:amethyst_block":6,"minecraft:birch_log":115,"minecraft:wheat":1,"minecraft:lapis_block":2,"minecraft:stone_brick_stairs":2,"minecraft:grass":53,"minecraft:oak_log":78,"minecraft:sand":27,"minecraft:dirt":86,"minecraft:red_mushroom_block":1,"minecraft:stonecutter":1,"minecraft:netherrack":982,"minecraft:oak_leaves":23,"minecraft:deepslate":518,"minecraft:nether_gold_ore":4,"minecraft:crying_obsidian":4,"minecraft:tuff":246,"minecraft:deepslate_diamond_ore":2,"minecraft:mossy_cobblestone":3,"minecraft:dark_oak_leaves":83,"minecraft:oak_door":3,"minecraft:dark_oak_log":390,"minecraft:nether_bricks":11,"minecraft:dark_oak_fence":8,"minecraft:allium":2,"minecraft:potted_azalea_bush":1,"travelersbackpack:white_sleeping_bag":15,"minecraft:spruce_leaves":50,"minecraft:cartography_table":2,"minecraft:moss_block":3,"minecraft:sandstone":220,"minecraft:large_fern":3,"minecraft:hay_block":40,"minecraft:furnace":4,"minecraft:raw_gold_block":5,"gnumus:baked_gnumus_clay":2,"minecraft:andesite":3,"minecraft:bell":1,"minecraft:nether_brick_fence":4,"minecraft:bookshelf":9,"minecraft:deepslate_iron_ore":10,"minecraft:lantern":1,"gnumus:fragile_gnumus_jug":56,"minecraft:stone":122,"minecraft:birch_stairs":2,"minecraft:acacia_leaves":4,"minecraft:flowering_azalea":13,"minecraft:glass_pane":5,"minecraft:cherry_planks":7,"minecraft:soul_sand":70,"minecraft:brown_carpet":2,"minecraft:basalt":41,"travelersbackpack:standard":2,"minecraft:oak_fence":21,"minecraft:crafting_table":2,"minecraft:blackstone_slab":1,"minecraft:lectern":1,"minecraft:tall_grass":2,"minecraft:deepslate_gold_ore":8,"minecraft:sculk":1155,"minecraft:birch_planks":19,"minecraft:cactus":1,"gnumus:gnumus_clay_brick_stairs":1,"minecraft:white_carpet":1,"minecraft:spruce_log":8,"minecraft:birch_leaves":64,"minecraft:coal_ore":3,"minecraft:cherry_leaves":207,"minecraft:gravel":1,"minecraft:dripstone_block":1,"minecraft:cobweb":119,"minecraft:cracked_stone_bricks":1,"minecraft:gold_ore":3,"minecraft:birch_fence":4},"minecraft:crafted":{"minecraft:oak_planks":292,"gnumus:grilled_juicy_meat":85,"minecraft:cooked_chicken":35,"minecraft:cooked_mutton":6,"gnumus:vintage_gnumus_pickaxe":1,"minecraft:glass":76,"minecraft:bow":2,"minecraft:diamond_leggings":1,"minecraft:iron_boots":1,"gnumus:vintage_alloy_ingot":2,"minecraft:birch_fence_gate":3,"minecraft:chest":93,"gnumus:pileof_gnumus_doubloons":12,"minecraft:oak_fence":39,"minecraft:smoker":1,"minecraft:wooden_shovel":3,"minecraft:cooked_porkchop":49,"minecraft:crafting_table":5,"travelersbackpack:lapis":1,"minecraft:spruce_planks":28,"minecraft:wooden_pickaxe":1,"travelersbackpack:standard":2,"minecraft:birch_planks":128,"travelersbackpack:skeleton":1,"minecraft:painting":6,"gnumus:gnumus_pickaxe":1,"minecraft:iron_chestplate":1,"minecraft:diamond_pickaxe":1,"minecraft:charcoal":32,"minecraft:birch_fence":114,"minecraft:stick":456,"minecraft:iron_ingot":61,"minecraft:iron_pickaxe":8,"minecraft:stone_sword":1,"minecraft:gold_ingot":14,"minecraft:dark_oak_fence_gate":2,"minecraft:birch_stairs":24,"minecraft:shears":2,"minecraft:cherry_planks":148,"minecraft:wooden_sword":1,"minecraft:oak_door":6,"minecraft:leather_boots":1,"minecraft:diamond_hoe":1,"minecraft:furnace":1,"minecraft:white_carpet":60,"minecraft:dark_oak_fence":186,"travelersbackpack:white_sleeping_bag":2,"minecraft:iron_axe":1,"minecraft:stone_pickaxe":1,"minecraft:diamond_boots":1,"gnumus:gnumus_helmet_helmet":1,"minecraft:spruce_boat":1,"minecraft:dark_oak_planks":716,"minecraft:lead":2,"minecraft:golden_helmet":2,"travelersbackpack:spider":1,"minecraft:cooked_beef":59,"minecraft:cooked_cod":30,"minecraft:diamond_sword":1,"travelersbackpack:backpack_tank":2,"minecraft:iron_sword":10,"minecraft:bucket":1,"minecraft:stone_axe":3,"minecraft:air":0,"minecraft:oak_boat":1,"minecraft:oak_fence_gate":3,"minecraft:gold_nugget":9,"minecraft:oak_stairs":84,"minecraft:wooden_axe":3,"minecraft:iron_leggings":1,"minecraft:iron_shovel":1,"minecraft:cherry_door":3,"minecraft:white_bed":1,"minecraft:torch":112,"minecraft:lapis_block":4,"minecraft:diamond_chestplate":1},"minecraft:used":{"minecraft:moss_carpet":1,"minecraft:cherry_sapling":5,"minecraft:iron_shovel":326,"travelersbackpack:lapis":17,"minecraft:diamond_hoe":775,"minecraft:chest":78,"minecraft:iron_sword":1486,"minecraft:nether_bricks":11,"minecraft:carrot":7,"minecraft:tuff":139,"minecraft:obsidian":6,"minecraft:spruce_boat":1,"minecraft:glass":56,"minecraft:cherry_leaves":133,"gnumus:vintage_gnumus_pickaxe":1,"minecraft:raw_gold_block":5,"gnumus:gnumus_helmet_helmet":3,"minecraft:hay_block":37,"minecraft:sweet_berries":16,"minecraft:oak_sapling":95,"minecraft:furnace":4,"gnumus:grilled_juicy_meat":90,"travelersbackpack:spider":55,"minecraft:oak_planks":2256,"minecraft:stone_pickaxe":6,"minecraft:wooden_pickaxe":51,"minecraft:shears":193,"minecraft:dripstone_block":1,"minecraft:birch_fence":14,"waystones:waystone":6,"minecraft:birch_fence_gate":3,"minecraft:dark_oak_log":16,"minecraft:bread":21,"minecraft:cyan_bed":3,"minecraft:lectern":1,"minecraft:golden_helmet":3,"minecraft:wooden_sword":58,"minecraft:dark_oak_fence":179,"minecraft:grindstone":1,"minecraft:oak_boat":2,"minecraft:oak_fence":10,"gnumus:juicy_meat":12,"minecraft:golden_pickaxe":1,"travelersbackpack:skeleton":1,"minecraft:azalea":14,"minecraft:tropical_fish":1,"waystones:sandy_waystone":10,"minecraft:stone_sword":84,"minecraft:flint_and_steel":39,"minecraft:wooden_shovel":118,"minecraft:cooked_chicken":25,"minecraft:netherrack":212,"minecraft:oak_door":6,"minecraft:torch":150,"minecraft:brewing_stand":1,"minecraft:dirt":183,"minecraft:spyglass":64,"minecraft:anvil":2,"minecraft:white_carpet":58,"minecraft:diamond_helmet":1,"minecraft:oak_fence_gate":3,"minecraft:iron_hoe":411,"minecraft:wooden_axe":186,"minecraft:flowering_azalea":14,"minecraft:iron_axe":737,"minecraft:oak_stairs":74,"minecraft:melon_seeds":4,"minecraft:basalt":86,"minecraft:cobbled_deepslate":74,"gnumus:vintage_gnumus_cutlass":60,"minecraft:wheat_seeds":37,"minecraft:cooked_mutton":6,"minecraft:water_bucket":15,"minecraft:birch_planks":38,"minecraft:lead":2,"minecraft:cartography_table":2,"minecraft:birch_boat":2,"minecraft:cherry_planks":4,"minecraft:spruce_sign":1,"minecraft:cauldron":2,"minecraft:stonecutter":1,"minecraft:crafting_table":7,"minecraft:white_bed":1,"minecraft:dark_oak_fence_gate":2,"minecraft:painting":34,"minecraft:smoker":3,"minecraft:oak_log":4,"minecraft:flower_pot":1,"minecraft:diamond_pickaxe":668,"minecraft:apple":17,"minecraft:cherry_door":3,"minecraft:iron_pickaxe":1958,"travelersbackpack:white_sleeping_bag":17,"minecraft:stone_axe":250,"minecraft:pink_petals":1,"minecraft:cobblestone":68,"travelersbackpack:standard":3,"minecraft:porkchop":40,"minecraft:bucket":16,"minecraft:cooked_porkchop":53,"gnumus:lucky_hat_helmet":1,"minecraft:lapis_block":2,"minecraft:birch_stairs":6},"minecraft:killed_by":{"minecraft:creeper":1,"minecraft:player":3},"minecraft:killed":{"minecraft:cave_spider":11,"minecraft:witch":1,"minecraft:spider":15,"minecraft:skeleton":19,"minecraft:chicken":38,"gnumus:pitcher_mousse":50,"minecraft:turtle":4,"minecraft:piglin_brute":2,"minecraft:skeleton_horse":1,"minecraft:wolf":1,"minecraft:pig":84,"gnumus:gnumus_shaman":4,"gnumus:big_snout":24,"minecraft:creeper":3,"gnumus:marsupial_mousse":11,"minecraft:sheep":66,"minecraft:zombie":16,"minecraft:stray":3,"minecraft:cow":42,"minecraft:endermite":1,"minecraft:phantom":2,"minecraft:horse":1,"gnumus:gnumus_worker":15,"gnumus:gnumus_hunter":20,"gnumus:gnumus_hunter_not_dispawn":19,"minecraft:husk":8,"minecraft:rabbit":1,"minecraft:wither_skeleton":1,"minecraft:enderman":2},"minecraft:dropped":{"minecraft:iron_sword":10,"minecraft:soul_sand":1,"minecraft:brown_mushroom":1,"minecraft:oak_log":29,"minecraft:golden_pickaxe":1,"cataclysm:lionfish":1,"minecraft:leather":1,"travelersbackpack:iron_tier_upgrade":1,"minecraft:saddle":2,"travelersbackpack:standard":1,"minecraft:red_mushroom":1,"minecraft:dirt":87,"minecraft:birch_fence":50,"minecraft:seagrass":4,"minecraft:snowball":4,"minecraft:sand":8,"minecraft:iron_pickaxe":3,"gnumus:grilled_juicy_meat":57,"gnumus:wrapper_with_goods":1,"minecraft:bone":4,"minecraft:gold_ingot":6,"minecraft:cooked_chicken":10,"minecraft:obsidian":4,"minecraft:rotten_flesh":5,"minecraft:oak_planks":193,"cataclysm:ignitium_upgrade_smithing_template":1,"minecraft:white_bed":1,"minecraft:birch_fence_gate":1,"minecraft:chiseled_stone_bricks":2,"gnumus:gnumus_doubloons":6,"travelersbackpack:gold_tier_upgrade":1,"minecraft:gunpowder":2,"travelersbackpack:white_sleeping_bag":1,"minecraft:skeleton_skull":1,"minecraft:melon_seeds":1,"minecraft:chest":2,"minecraft:arrow":5,"gnumus:vintage_parts":24,"minecraft:crying_obsidian":2,"minecraft:quartz":12,"minecraft:netherrack":56,"minecraft:iron_ingot":2,"gnumus:gnumus_cutlass":1,"minecraft:wheat_seeds":5,"minecraft:cherry_log":107,"minecraft:golden_horse_armor":1,"minecraft:diamond_leggings":1,"minecraft:lead":4,"minecraft:iron_helmet":1,"minecraft:cobblestone":54,"minecraft:copper_ingot":18,"minecraft:stick":4,"minecraft:torch":2,"minecraft:melon_slice":5,"minecraft:brown_wool":2,"minecraft:cherry_planks":8,"travelersbackpack:spider":1,"minecraft:oak_stairs":1,"minecraft:iron_axe":3,"minecraft:paper":64,"minecraft:string":3,"gnumus:vintage_alloy_ingot":1,"gnumus:vintage_metal":7,"minecraft:iron_hoe":1,"minecraft:shears":1,"minecraft:flint_and_steel":1,"minecraft:diamond_chestplate":1,"minecraft:peony":1,"travelersbackpack:lapis":1,"minecraft:diamond_pickaxe":1,"minecraft:oak_sapling":11,"gnumus:pileof_gnumus_doubloons":2,"minecraft:spider_eye":3,"minecraft:birch_boat":1,"minecraft:sandstone":21,"minecraft:bow":1,"gnumus:gnumus_cheese":1,"waystones:waystone":1,"gnumus:hearty_dinner":1},"minecraft:picked_up":{"minecraft:wooden_axe":1,"minecraft:seagrass":4,"minecraft:iron_chestplate":4,"minecraft:anvil":2,"minecraft:nether_brick_fence":4,"minecraft:flower_pot":8,"gnumus:gnumus_claw":153,"minecraft:lead":8,"minecraft:oak_stairs":35,"minecraft:enchanted_book":2,"travelersbackpack:spider":2,"minecraft:brewing_stand":1,"minecraft:golden_sword":1,"minecraft:amethyst_block":5,"minecraft:lapis_block":2,"minecraft:polished_blackstone_brick_stairs":2,"minecraft:string":211,"minecraft:raw_copper":12,"minecraft:iron_leggings":3,"minecraft:diamond_leggings":2,"minecraft:gold_nugget":77,"minecraft:cobbled_deepslate":524,"minecraft:bucket":1,"gnumus:packaged_goods":99,"minecraft:azalea":16,"minecraft:iron_pickaxe":3,"minecraft:melon_slice":24,"minecraft:iron_boots":3,"minecraft:furnace":4,"minecraft:tipped_arrow":1,"minecraft:stick":130,"minecraft:oak_fence":17,"minecraft:torch":141,"travelersbackpack:iron_tier_upgrade":1,"gnumus:lucky_hat_helmet":2,"minecraft:porkchop":196,"minecraft:cherry_log":276,"minecraft:pointed_dripstone":5,"gnumus:grilled_juicy_meat":162,"minecraft:cauldron":3,"minecraft:brown_carpet":3,"gnumus:wrapper_with_goods":22,"gnumus:vintage_metal":14,"minecraft:cactus":4,"minecraft:rotten_flesh":24,"minecraft:tropical_fish":1,"gnumus:gnumus_chickpeas":161,"minecraft:obsidian":11,"minecraft:cod":39,"minecraft:snowball":4,"minecraft:cobblestone":175,"minecraft:birch_log":252,"minecraft:pink_petals":1,"minecraft:dune_armor_trim_smithing_template":1,"minecraft:magma_block":13,"gnumus:gnumus_doubloons":184,"minecraft:feather":56,"minecraft:cherry_planks":18,"minecraft:water_bucket":1,"minecraft:cherry_leaves":163,"minecraft:andesite":3,"gnumus:overripe_carrot":73,"minecraft:brown_wool":3,"minecraft:smoker":2,"minecraft:tuff":241,"travelersbackpack:gold_tier_upgrade":1,"minecraft:lapis_lazuli":43,"minecraft:dirt":279,"minecraft:lantern":1,"gnumus:gnumus_pouch_2":47,"minecraft:name_tag":8,"minecraft:glass":2,"minecraft:bone":53,"minecraft:stonecutter":2,"minecraft:bow":1,"minecraft:wheat_seeds":90,"gnumus:vintage_rifle":1,"minecraft:raw_gold":29,"minecraft:bell":1,"minecraft:grindstone":1,"minecraft:diamond_helmet":1,"minecraft:rabbit":24,"minecraft:glowstone_dust":3,"minecraft:moss_block":7,"minecraft:oak_planks":3503,"minecraft:cooked_porkchop":24,"minecraft:birch_fence_gate":1,"minecraft:sand":35,"minecraft:dead_bush":5,"minecraft:cyan_bed":3,"minecraft:dark_oak_log":309,"minecraft:mossy_cobblestone":3,"travelersbackpack:white_sleeping_bag":18,"cataclysm:lionfish":1,"minecraft:iron_hoe":4,"gnumus:vintage_parts":28,"minecraft:diamond":39,"minecraft:spruce_boat":2,"gnumus:gnumus_clay":286,"waystones:waystone":8,"minecraft:cracked_polished_blackstone_bricks":37,"minecraft:crossbow":1,"minecraft:grass":2,"minecraft:golden_apple":3,"minecraft:emerald":42,"minecraft:bread":12,"minecraft:oak_sapling":113,"minecraft:netherrack":574,"minecraft:dark_oak_fence":8,"minecraft:diamond_pickaxe":2,"cataclysm:ignitium_upgrade_smithing_template":1,"gnumus:gnumus_totem":3,"minecraft:crafting_table":2,"minecraft:chicken":58,"minecraft:nether_wart":3,"minecraft:clay_ball":4,"minecraft:golden_pickaxe":1,"minecraft:brown_mushroom":1,"minecraft:wooden_pickaxe":1,"gnumus:business_hat_helmet":2,"gnumus:vintage_bullet":11,"minecraft:moss_carpet":2,"minecraft:iron_axe":7,"minecraft:wooden_sword":1,"minecraft:flint_and_steel":1,"minecraft:white_carpet":1,"minecraft:iron_shovel":2,"minecraft:birch_fence":4,"minecraft:blackstone":3,"minecraft:cartography_table":2,"travelersbackpack:lapis":2,"minecraft:beef":102,"minecraft:oak_boat":3,"minecraft:light_gray_wool":2,"minecraft:lectern":1,"minecraft:sugar_cane":2,"minecraft:chest":16,"minecraft:birch_sapling":20,"minecraft:phantom_membrane":1,"minecraft:egg":2,"minecraft:dark_oak_sapling":18,"minecraft:raw_iron":57,"minecraft:sandstone":22,"minecraft:raw_gold_block":5,"minecraft:oak_door":7,"gnumus:juicy_meat":134,"minecraft:copper_ingot":18,"minecraft:polished_blackstone_bricks":51,"minecraft:carrot":6,"minecraft:redstone":474,"minecraft:stone_pressure_plate":1,"minecraft:arrow":57,"minecraft:diamond_chestplate":3,"minecraft:peony":1,"minecraft:nether_bricks":11,"minecraft:shears":1,"minecraft:diamond_boots":1,"minecraft:hay_block":37,"minecraft:saddle":2,"minecraft:gold_ingot":13,"gnumus:gnumus_pouch_3":4,"gnumus:mouse_skin":176,"minecraft:glow_berries":21,"minecraft:mutton":112,"minecraft:skeleton_skull":1,"minecraft:white_wool":58,"minecraft:birch_leaves":2,"minecraft:basalt":86,"minecraft:golden_carrot":42,"minecraft:leather":88,"minecraft:blackstone_slab":1,"minecraft:red_mushroom":1,"gnumus:gnumus_pouch":46,"minecraft:birch_planks":44,"waystones:sandy_waystone":13,"minecraft:oak_log":134,"minecraft:golden_boots":1,"minecraft:gunpowder":8,"minecraft:paper":143,"minecraft:cooked_mutton":4,"minecraft:apple":42,"gnumus:gnumus_horn":13,"gnumus:baked_gnumus_clay":2,"minecraft:rabbit_hide":15,"minecraft:iron_ingot":19,"minecraft:cooked_chicken":1,"minecraft:iron_sword":11,"minecraft:flowering_azalea":14,"minecraft:soul_sand":3,"minecraft:book":27,"minecraft:birch_boat":3,"minecraft:pumpkin":9,"minecraft:sweet_berries":52,"minecraft:chiseled_stone_bricks":2,"gnumus:vintage_alloy_ingot":1,"minecraft:quartz":405,"gnumus:gnumus_clay_brick_stairs":1,"minecraft:spyglass":2,"minecraft:raw_iron_block":4,"minecraft:dripstone_block":49,"minecraft:gravel":1,"minecraft:birch_stairs":2,"minecraft:amethyst_shard":11,"gnumus:gnumus_cheese":32,"minecraft:spruce_sapling":5,"minecraft:white_bed":2,"minecraft:spruce_log":7,"minecraft:crying_obsidian":2,"minecraft:spider_eye":19,"gnumus:hearty_dinner":2,"travelersbackpack:standard":4,"minecraft:iron_helmet":1,"minecraft:painting":28,"minecraft:cherry_sapling":118,"minecraft:mossy_cobblestone_stairs":1,"minecraft:gray_wool":4,"minecraft:melon_seeds":3,"minecraft:black_wool":2,"gnumus:vintage_gnumus_cutlass":2,"minecraft:coal":69,"minecraft:ender_pearl":10},"minecraft:custom":{"minecraft:interact_with_crafting_table":130,"minecraft:open_barrel":3,"minecraft:bell_ring":32,"minecraft:leave_game":13,"minecraft:time_since_death":92014,"minecraft:damage_resisted":299,"minecraft:sprint_one_cm":4056559,"minecraft:drop":130,"minecraft:talked_to_villager":5,"minecraft:play_time":1299261,"minecraft:deaths":6,"minecraft:jump":13725,"minecraft:interact_with_brewingstand":1,"minecraft:walk_on_water_one_cm":68388,"minecraft:interact_with_furnace":61,"minecraft:sleep_in_bed":25,"minecraft:waystone_activated":25,"minecraft:damage_dealt":63758,"minecraft:player_kills":1,"minecraft:crouch_one_cm":66422,"minecraft:interact_with_smoker":77,"minecraft:horse_one_cm":1301646,"minecraft:interact_with_smithing_table":5,"minecraft:interact_with_anvil":9,"minecraft:mob_kills":467,"minecraft:fill_cauldron":1,"minecraft:interact_with_campfire":6,"minecraft:damage_dealt_resisted":760,"minecraft:climb_one_cm":2073,"minecraft:walk_one_cm":3770226,"minecraft:sneak_time":20756,"minecraft:walk_under_water_one_cm":32966,"minecraft:boat_one_cm":35597,"minecraft:interact_with_blast_furnace":15,"minecraft:total_world_time":1299261,"minecraft:pot_flower":3,"minecraft:interact_with_grindstone":1,"minecraft:time_since_rest":92069,"minecraft:damage_taken":20000,"minecraft:swim_one_cm":48989,"minecraft:fly_one_cm":1910612,"minecraft:open_chest":1119,"minecraft:fall_one_cm":331134}},"DataVersion":3465}