{"stats":{"minecraft:broken":{"minecraft:golden_boots":1,"gnumus:gnumus_cutlass":3,"minecraft:diamond_pickaxe":1,"minecraft:iron_axe":5,"minecraft:iron_pickaxe":16,"minecraft:stone_pickaxe":3,"minecraft:wooden_axe":3,"minecraft:stone_shovel":1,"minecraft:flint_and_steel":1,"minecraft:golden_axe":3,"gnumus:gnumus_pickaxe":1},"minecraft:mined":{"minecraft:dark_oak_planks":15,"minecraft:white_bed":12,"minecraft:cherry_log":82,"minecraft:obsidian":28,"minecraft:granite":56,"minecraft:red_sand":1,"minecraft:acacia_log":77,"minecraft:spawner":4,"minecraft:polished_blackstone_bricks":1,"minecraft:tall_seagrass":2,"minecraft:magma_block":2,"minecraft:cobbled_deepslate":30,"minecraft:fire":47,"minecraft:moss_carpet":11,"minecraft:deepslate_lapis_ore":1,"minecraft:twisting_vines":1,"minecraft:cave_vines":14,"minecraft:oak_stairs":1,"minecraft:deepslate_brick_stairs":1,"minecraft:amethyst_cluster":7,"minecraft:torch":8,"minecraft:dead_bush":2,"minecraft:cyan_bed":4,"minecraft:amethyst_block":273,"minecraft:skeleton_skull":2,"minecraft:wheat":8,"minecraft:black_bed":1,"minecraft:warped_fungus":1,"minecraft:stone_brick_stairs":1,"minecraft:grass":26,"minecraft:brown_candle":1,"minecraft:smooth_basalt":3,"minecraft:stonecutter":1,"minecraft:deepslate":3111,"minecraft:infested_deepslate":4,"minecraft:yellow_terracotta":2,"minecraft:dark_oak_log":56,"minecraft:potted_flowering_azalea_bush":1,"minecraft:nether_bricks":19,"minecraft:dark_oak_fence":18,"minecraft:jungle_planks":21,"minecraft:crimson_roots":1,"minecraft:moss_block":80,"minecraft:cartography_table":1,"minecraft:andesite":85,"minecraft:vine":29,"minecraft:rail":1,"minecraft:warped_stem":274,"gnumus:fragile_gnumus_jug":11,"minecraft:white_wool":2,"minecraft:cherry_planks":11,"minecraft:emerald_ore":1,"minecraft:warped_roots":3,"minecraft:lightning_rod":1,"minecraft:tall_grass":7,"minecraft:copper_ore":3,"minecraft:deepslate_gold_ore":15,"minecraft:diorite":64,"minecraft:warped_wart_block":708,"minecraft:purple_bed":3,"minecraft:white_carpet":1,"minecraft:spruce_log":8,"minecraft:birch_leaves":11,"minecraft:jungle_fence":1,"minecraft:mangrove_leaves":57,"minecraft:gravel":108,"minecraft:cobweb":72,"minecraft:stone_bricks":1,"minecraft:gold_ore":6,"minecraft:fern":3,"minecraft:spruce_planks":23,"minecraft:sculk_vein":7,"minecraft:spruce_trapdoor":2,"minecraft:cave_vines_plant":16,"minecraft:budding_amethyst":24,"minecraft:grass_block":35,"minecraft:gilded_blackstone":2,"minecraft:glowstone":15,"minecraft:iron_ore":30,"minecraft:azure_bluet":1,"minecraft:dark_oak_stairs":10,"minecraft:azalea":10,"minecraft:spruce_slab":11,"minecraft:deepslate_redstone_ore":2,"minecraft:quartz_block":1,"minecraft:blackstone":461,"minecraft:twisting_vines_plant":5,"minecraft:medium_amethyst_bud":1,"minecraft:orange_terracotta":6,"minecraft:jungle_stairs":5,"minecraft:calcite":9,"minecraft:chest":10,"minecraft:nether_quartz_ore":28,"minecraft:cobblestone":76,"minecraft:oak_planks":371,"travelersbackpack:light_gray_sleeping_bag":3,"minecraft:wall_torch":11,"minecraft:pink_petals":29,"minecraft:seagrass":1,"minecraft:warped_nylium":63,"minecraft:warped_planks":1,"minecraft:birch_log":109,"minecraft:cherry_door":3,"minecraft:light_gray_wool":7,"minecraft:oak_log":74,"minecraft:sand":464,"minecraft:dirt":60,"minecraft:netherrack":1344,"minecraft:ancient_debris":18,"minecraft:oak_leaves":16,"minecraft:nether_gold_ore":12,"minecraft:crying_obsidian":4,"minecraft:tuff":161,"minecraft:deepslate_diamond_ore":78,"minecraft:oak_door":1,"minecraft:mangrove_roots":7,"minecraft:potted_azalea_bush":2,"minecraft:spruce_leaves":7,"minecraft:mangrove_propagule":1,"minecraft:sandstone":40,"minecraft:large_fern":1,"minecraft:hay_block":46,"minecraft:spore_blossom":4,"minecraft:furnace":2,"minecraft:raw_gold_block":1,"minecraft:nether_sprouts":3,"minecraft:gold_block":1,"minecraft:nether_brick_fence":2,"minecraft:bookshelf":2,"minecraft:deepslate_iron_ore":66,"minecraft:shroomlight":34,"minecraft:lantern":4,"minecraft:packed_ice":1,"minecraft:stone":883,"minecraft:flowering_azalea":8,"minecraft:basalt":1968,"minecraft:oak_fence":6,"minecraft:crafting_table":5,"minecraft:blackstone_slab":2,"minecraft:rose_bush":2,"minecraft:sculk_sensor":1,"minecraft:lectern":1,"minecraft:deepslate_coal_ore":4,"minecraft:polished_blackstone_brick_stairs":2,"minecraft:sculk":101,"minecraft:spruce_stairs":9,"minecraft:birch_planks":48,"minecraft:cactus":1,"minecraft:coal_ore":23,"minecraft:cherry_leaves":29,"minecraft:terracotta":2},"minecraft:crafted":{"gnumus:grilled_juicy_meat":21,"travelersbackpack:crafting_upgrade":1,"minecraft:blaze_powder":4,"minecraft:birch_boat":1,"travelersbackpack:enderman":1,"minecraft:bookshelf":5,"minecraft:cooked_mutton":44,"minecraft:glass":64,"minecraft:quartz_block":58,"minecraft:diamond_helmet":3,"minecraft:diamond_leggings":3,"gnumus:vintage_alloy_ingot":2,"gnumus:pileof_gnumus_doubloons":1,"minecraft:cooked_rabbit":40,"minecraft:golden_axe":2,"gnumus:gnumus_cutlass":4,"minecraft:emerald":3,"minecraft:smooth_quartz":18,"minecraft:cooked_porkchop":19,"minecraft:diamond_axe":1,"travelersbackpack:standard":2,"minecraft:copper_ingot":61,"minecraft:dune_armor_trim_smithing_template":10,"gnumus:gnumus_pickaxe":1,"minecraft:iron_pickaxe":19,"minecraft:gold_ingot":73,"minecraft:netherite_ingot":4,"minecraft:stone_shovel":1,"minecraft:iron_nugget":459,"travelersbackpack:blank_upgrade":8,"travelersbackpack:gold_tier_upgrade":4,"minecraft:lantern":11,"travelersbackpack:white_sleeping_bag":1,"gnumus:lucky_hat_helmet":1,"minecraft:stone_pickaxe":5,"minecraft:diamond_boots":3,"gnumus:gnumus_helmet_helmet":1,"minecraft:wheat":261,"minecraft:wooden_axe":7,"minecraft:iron_shovel":4,"minecraft:iron_leggings":1,"minecraft:white_bed":2,"cataclysm:ignitium_upgrade_smithing_template":1,"minecraft:oak_planks":140,"minecraft:cherry_slab":6,"minecraft:cooked_chicken":2,"minecraft:lightning_rod":4,"minecraft:warped_hyphae":3,"minecraft:warped_planks":320,"minecraft:bow":1,"minecraft:iron_boots":1,"minecraft:chest":11,"minecraft:netherite_helmet":2,"minecraft:netherite_upgrade_smithing_template":10,"minecraft:golden_boots":1,"minecraft:crafting_table":15,"minecraft:spruce_planks":20,"minecraft:wooden_pickaxe":3,"minecraft:iron_helmet":2,"minecraft:birch_planks":544,"minecraft:iron_chestplate":2,"minecraft:charcoal":6,"minecraft:diamond_pickaxe":5,"minecraft:shield":3,"minecraft:stick":208,"minecraft:iron_ingot":201,"minecraft:stone_sword":1,"minecraft:black_bed":1,"minecraft:cherry_planks":316,"minecraft:furnace":5,"minecraft:netherite_chestplate":2,"minecraft:netherite_leggings":1,"minecraft:leather":11,"minecraft:iron_axe":17,"minecraft:birch_chest_boat":1,"minecraft:slime_ball":3,"travelersbackpack:light_gray_sleeping_bag":1,"minecraft:netherite_scrap":16,"minecraft:cooked_beef":7,"minecraft:diamond_sword":4,"travelersbackpack:backpack_tank":8,"minecraft:iron_sword":3,"minecraft:bucket":2,"minecraft:stone_axe":2,"minecraft:bread":106,"minecraft:air":0,"minecraft:gold_nugget":9,"minecraft:cherry_door":3,"minecraft:torch":264,"minecraft:diamond_chestplate":5},"minecraft:used":{"minecraft:moss_block":8,"minecraft:spruce_slab":4,"minecraft:chest":11,"minecraft:rotten_flesh":16,"minecraft:spruce_boat":1,"minecraft:birch_sapling":1,"minecraft:quartz_block":41,"minecraft:cherry_leaves":24,"gnumus:gnumus_helmet_helmet":3,"minecraft:bow":42,"minecraft:sweet_berries":19,"minecraft:oak_sapling":12,"minecraft:furnace":7,"minecraft:egg":9,"gnumus:grilled_juicy_meat":36,"minecraft:diorite":34,"minecraft:blackstone":16,"minecraft:wooden_pickaxe":60,"minecraft:golden_apple":3,"minecraft:glow_berries":21,"minecraft:sand":11,"minecraft:netherite_helmet":3,"gnumus:gnumus_cutlass":38,"cataclysm:lionfish":1,"minecraft:crying_obsidian":3,"gnumus:gnumus_chickpeas":40,"minecraft:lectern":1,"minecraft:spore_blossom":4,"minecraft:white_glazed_terracotta":2,"minecraft:diamond_sword":700,"minecraft:fire_charge":1,"minecraft:dark_oak_fence":16,"gnumus:juicy_meat":4,"minecraft:stone_sword":14,"minecraft:dead_bush":1,"minecraft:armor_stand":4,"minecraft:netherrack":203,"minecraft:torch":256,"minecraft:warped_wart_block":240,"minecraft:shroomlight":19,"minecraft:flowering_azalea":1,"minecraft:birch_chest_boat":11,"minecraft:iron_axe":1903,"minecraft:cherry_slab":5,"minecraft:smooth_quartz":14,"minecraft:diamond_chestplate":6,"minecraft:basalt":111,"minecraft:glowstone":4,"tombstone:gift":4,"minecraft:cobbled_deepslate":352,"minecraft:golden_axe":90,"minecraft:warped_stem":62,"minecraft:birch_planks":84,"minecraft:cartography_table":1,"minecraft:cherry_planks":270,"gnumus:hearty_dinner":1,"minecraft:polished_blackstone_bricks":1,"minecraft:gilded_blackstone":5,"minecraft:salmon":6,"minecraft:vine":11,"minecraft:crafting_table":18,"minecraft:white_bed":13,"minecraft:cod":4,"gnumus:gnumus_cheese":7,"minecraft:oak_log":17,"minecraft:diamond_pickaxe":4648,"minecraft:iron_pickaxe":4199,"minecraft:cobblestone":348,"travelersbackpack:standard":8,"minecraft:purple_bed":3,"minecraft:porkchop":7,"minecraft:cooked_porkchop":23,"minecraft:diamond_leggings":4,"minecraft:moss_carpet":16,"minecraft:cherry_sapling":7,"minecraft:iron_shovel":424,"minecraft:shield":37,"minecraft:iron_sword":177,"minecraft:iron_chestplate":3,"minecraft:mutton":9,"minecraft:jungle_planks":1,"minecraft:tuff":14,"minecraft:obsidian":20,"minecraft:lantern":11,"minecraft:iron_helmet":4,"minecraft:golden_sword":2,"travelersbackpack:enderman":4,"minecraft:golden_boots":2,"minecraft:diamond_boots":6,"minecraft:stone_pickaxe":537,"minecraft:oak_planks":71,"minecraft:diamond_axe":38,"minecraft:white_wool":3,"minecraft:netherite_leggings":2,"gnumus:gnumus_pickaxe":4,"minecraft:dripstone_block":9,"minecraft:black_bed":2,"minecraft:shears":76,"waystones:waystone":3,"minecraft:melon_slice":2,"minecraft:bread":41,"minecraft:cyan_bed":4,"minecraft:gravel":10,"minecraft:torchflower_seeds":1,"minecraft:cooked_rabbit":28,"minecraft:andesite":3,"minecraft:golden_pickaxe":28,"minecraft:experience_bottle":2,"minecraft:flint_and_steel":65,"minecraft:stone_shovel":131,"minecraft:cooked_chicken":2,"minecraft:dirt":24,"minecraft:granite":13,"minecraft:wooden_axe":241,"minecraft:bookshelf":5,"minecraft:oak_stairs":1,"minecraft:iron_boots":5,"minecraft:cooked_beef":9,"minecraft:brown_candle":2,"minecraft:cooked_mutton":32,"minecraft:amethyst_block":151,"minecraft:netherite_chestplate":2,"gnumus:overripe_carrot":39,"minecraft:stonecutter":1,"minecraft:warped_planks":35,"tombstone:bag_of_seeds":2,"minecraft:flower_pot":4,"minecraft:apple":2,"minecraft:cherry_door":4,"minecraft:stone_axe":41,"minecraft:pink_petals":12,"gnumus:lucky_hat_helmet":1,"minecraft:bucket":2,"minecraft:soul_torch":15},"minecraft:killed_by":{"minecraft:piglin_brute":8,"minecraft:zombie":2,"minecraft:zombified_piglin":2,"minecraft:piglin":8,"minecraft:witch":1,"minecraft:player":5,"minecraft:enderman":1,"minecraft:skeleton":3},"minecraft:killed":{"minecraft:cave_spider":9,"minecraft:cod":4,"minecraft:skeleton":32,"minecraft:chicken":10,"minecraft:tropical_fish":2,"minecraft:magma_cube":7,"minecraft:salmon":8,"gnumus:big_snout":8,"minecraft:donkey":5,"minecraft:zombie":55,"cataclysm:deepling":1,"minecraft:glow_squid":4,"minecraft:cow":12,"minecraft:horse":5,"gnumus:gnumus_hunter":36,"gnumus:gnumus_hunter_not_dispawn":4,"cataclysm:deepling_angler":1,"minecraft:husk":11,"minecraft:rabbit":6,"minecraft:polar_bear":1,"gnumus:gnumus_merchant":3,"minecraft:enderman":2,"minecraft:zombified_piglin":1,"minecraft:spider":13,"gnumus:pitcher_mousse":24,"minecraft:silverfish":5,"minecraft:piglin_brute":2,"minecraft:piglin":7,"minecraft:pig":18,"minecraft:zombie_villager":3,"minecraft:creeper":1,"gnumus:marsupial_mousse":8,"minecraft:sheep":32,"minecraft:stray":2,"minecraft:blaze":12,"gnumus:pitcher_mouse_pac":1,"minecraft:phantom":3,"gnumus:gnumus_worker":2,"minecraft:llama":4,"minecraft:drowned":1,"cataclysm:lionfish":1,"minecraft:hoglin":3,"minecraft:wither_skeleton":11},"minecraft:dropped":{"minecraft:iron_sword":1,"minecraft:lapis_lazuli":3,"gnumus:gnumus_helmet_helmet":1,"minecraft:diamond":14,"minecraft:warped_roots":2,"travelersbackpack:iron_tier_upgrade":1,"minecraft:emerald":21,"minecraft:dirt":34,"minecraft:grass":1,"minecraft:sand":11,"minecraft:iron_pickaxe":2,"minecraft:cobbled_deepslate":147,"minecraft:nether_brick":11,"minecraft:obsidian":4,"minecraft:rotten_flesh":4,"minecraft:oak_planks":6,"minecraft:acacia_sapling":26,"minecraft:spruce_slab":5,"minecraft:glass":37,"minecraft:stone_brick_stairs":1,"minecraft:enchanted_book":5,"minecraft:golden_boots":1,"minecraft:iron_ingot":129,"minecraft:wheat_seeds":4,"minecraft:book":12,"minecraft:cobblestone":70,"minecraft:granite":10,"minecraft:coal":6,"minecraft:oxeye_daisy":1,"minecraft:ink_sac":3,"minecraft:diamond_helmet":1,"minecraft:string":8,"minecraft:iron_boots":1,"minecraft:lightning_rod":4,"minecraft:diamond_sword":1,"minecraft:spruce_boat":1,"minecraft:spruce_planks":2,"gnumus:gnumus_chickpeas":10,"minecraft:spider_eye":1,"minecraft:sandstone":63,"minecraft:soul_sand":6,"minecraft:warped_fungus":1,"minecraft:oak_log":4,"minecraft:golden_pickaxe":1,"cataclysm:lionfish":2,"minecraft:leather":2,"minecraft:jungle_planks":2,"travelersbackpack:standard":3,"gnumus:gnumus_pickaxe":1,"minecraft:cod":14,"minecraft:flint":5,"minecraft:amethyst_shard":3,"minecraft:birch_log":2,"minecraft:gold_ingot":61,"minecraft:gravel":67,"minecraft:crimson_fungus":10,"minecraft:blackstone":57,"minecraft:mangrove_roots":7,"minecraft:twisting_vines":4,"cataclysm:ignitium_upgrade_smithing_template":4,"minecraft:cooked_mutton":2,"minecraft:carrot":1,"gnumus:gnumus_doubloons":22,"travelersbackpack:gold_tier_upgrade":5,"minecraft:gunpowder":1,"travelersbackpack:white_sleeping_bag":1,"minecraft:basalt":365,"minecraft:quartz":7,"minecraft:netherrack":115,"minecraft:diamond_leggings":1,"minecraft:spruce_stairs":1,"minecraft:stick":5,"minecraft:iron_leggings":2,"minecraft:iron_axe":2,"minecraft:dandelion":1,"minecraft:redstone":8,"minecraft:sweet_berries":4,"minecraft:raw_copper":82,"minecraft:tuff":24,"minecraft:raw_iron":49,"minecraft:shield":1,"gnumus:gnumus_clay":6,"minecraft:diamond_chestplate":1,"gnumus:gnumus_pouch_2":1,"minecraft:iron_chestplate":3,"travelersbackpack:crafting_upgrade":1,"minecraft:oak_sapling":49,"minecraft:diamond_boots":2,"minecraft:stone_pickaxe":2,"gnumus:hearty_dinner":1},"minecraft:picked_up":{"minecraft:wooden_axe":8,"minecraft:iron_chestplate":6,"minecraft:flower_pot":5,"minecraft:diamond_sword":17,"minecraft:lead":19,"minecraft:oak_stairs":4,"minecraft:enchanted_book":4,"minecraft:golden_sword":3,"minecraft:amethyst_block":418,"minecraft:string":175,"minecraft:shroomlight":45,"minecraft:diamond_leggings":11,"minecraft:gold_nugget":442,"minecraft:cobbled_deepslate":2513,"travelersbackpack:enderman":1,"minecraft:spruce_planks":5,"minecraft:netherite_upgrade_smithing_template":2,"minecraft:white_glazed_terracotta":2,"minecraft:acacia_log":76,"gnumus:lucky_hat_helmet":2,"minecraft:golden_axe":3,"minecraft:lightning_rod":1,"minecraft:cherry_log":79,"gnumus:gnumus_helmet_helmet":11,"minecraft:warped_planks":57,"minecraft:golden_chestplate":1,"minecraft:rabbit_foot":1,"gnumus:wrapper_with_goods":7,"minecraft:stone_sword":4,"gnumus:vintage_metal":10,"minecraft:tropical_fish":2,"minecraft:iron_block":2,"minecraft:glowstone":4,"minecraft:netherite_chestplate":1,"minecraft:blaze_rod":8,"minecraft:birch_log":161,"minecraft:magma_block":2,"minecraft:feather":56,"minecraft:cooked_beef":2,"minecraft:cherry_leaves":24,"minecraft:brown_wool":1,"minecraft:flint":11,"travelersbackpack:gold_tier_upgrade":1,"minecraft:netherite_leggings":1,"minecraft:disc_fragment_5":7,"minecraft:cherry_door":3,"minecraft:lantern":8,"minecraft:brown_candle":2,"gnumus:gnumus_pouch_2":16,"minecraft:purple_carpet":1,"minecraft:twisting_vines":8,"minecraft:stonecutter":1,"minecraft:rabbit":34,"minecraft:glowstone_dust":53,"minecraft:moss_block":73,"minecraft:warped_wart_block":499,"minecraft:ink_sac":3,"minecraft:dark_oak_log":34,"cataclysm:lionfish":3,"minecraft:granite":71,"minecraft:golden_horse_armor":3,"minecraft:bread":82,"minecraft:dark_oak_fence":16,"minecraft:crimson_roots":5,"minecraft:diamond_pickaxe":21,"minecraft:crafting_table":5,"minecraft:golden_pickaxe":2,"minecraft:flint_and_steel":3,"minecraft:iron_shovel":1,"minecraft:cartography_table":1,"minecraft:beef":26,"minecraft:iron_nugget":28,"minecraft:spruce_slab":11,"minecraft:chest":16,"minecraft:birch_sapling":14,"minecraft:egg":5,"minecraft:sandstone":74,"minecraft:raw_gold_block":1,"gnumus:juicy_meat":41,"minecraft:fire_charge":4,"minecraft:carrot":3,"minecraft:redstone":38,"minecraft:diamond_chestplate":8,"minecraft:shears":2,"minecraft:diamond_boots":4,"minecraft:hay_block":63,"minecraft:yellow_terracotta":2,"minecraft:gold_ingot":69,"minecraft:totem_of_undying":2,"gnumus:mouse_skin":64,"minecraft:glow_berries":15,"minecraft:mutton":62,"minecraft:white_wool":41,"minecraft:rail":2,"minecraft:oxeye_daisy":1,"minecraft:blackstone_slab":2,"gnumus:gnumus_pouch":16,"waystones:sandy_waystone":1,"minecraft:oak_log":99,"minecraft:ancient_debris":18,"minecraft:golden_boots":4,"gnumus:gnumus_pickaxe":2,"minecraft:paper":66,"minecraft:apple":16,"minecraft:warped_stem":396,"minecraft:spore_blossom":5,"minecraft:stone_pickaxe":6,"tombstone:bag_of_seeds":1,"minecraft:iron_sword":12,"minecraft:flowering_azalea":14,"travelersbackpack:blank_upgrade":3,"minecraft:smooth_basalt":3,"minecraft:sweet_berries":22,"minecraft:gravel":198,"gnumus:gnumus_cheese":12,"minecraft:spruce_log":5,"minecraft:crying_obsidian":7,"gnumus:hearty_dinner":2,"travelersbackpack:standard":2,"minecraft:purple_bed":3,"minecraft:stone_axe":1,"minecraft:gray_wool":3,"minecraft:warped_roots":5,"minecraft:mangrove_propagule":1,"minecraft:ender_pearl":11,"minecraft:wheat":45,"minecraft:nether_brick_fence":2,"gnumus:gnumus_claw":69,"minecraft:potion":8,"minecraft:gilded_blackstone":5,"minecraft:nether_brick":28,"minecraft:stone_brick_stairs":1,"minecraft:raw_copper":86,"minecraft:armor_stand":4,"minecraft:iron_leggings":5,"minecraft:red_sand":1,"minecraft:bucket":2,"gnumus:packaged_goods":52,"minecraft:rose_bush":1,"minecraft:calcite":13,"minecraft:azalea":15,"minecraft:iron_pickaxe":16,"minecraft:furnace":2,"minecraft:iron_boots":7,"minecraft:tipped_arrow":1,"minecraft:stick":297,"minecraft:oak_fence":7,"minecraft:torch":173,"travelersbackpack:iron_tier_upgrade":1,"minecraft:spruce_stairs":1,"minecraft:porkchop":54,"minecraft:diorite":91,"minecraft:vine":18,"gnumus:grilled_juicy_meat":24,"minecraft:quartz_block":13,"minecraft:cactus":2,"minecraft:rotten_flesh":71,"gnumus:gnumus_chickpeas":63,"minecraft:mangrove_roots":7,"minecraft:deepslate_brick_stairs":1,"minecraft:obsidian":32,"minecraft:cod":35,"minecraft:cobblestone":1013,"minecraft:nautilus_shell":1,"minecraft:pink_petals":76,"gnumus:gnumus_doubloons":83,"minecraft:magma_cream":6,"minecraft:cherry_planks":65,"minecraft:golden_leggings":2,"minecraft:andesite":23,"gnumus:overripe_carrot":111,"minecraft:black_bed":1,"gnumus:gnumus_cutlass":2,"minecraft:tuff":150,"minecraft:lapis_lazuli":22,"minecraft:dirt":155,"minecraft:name_tag":4,"minecraft:glass":8,"minecraft:bone":51,"minecraft:bow":7,"minecraft:wheat_seeds":18,"minecraft:raw_gold":126,"minecraft:oak_planks":414,"minecraft:cooked_porkchop":13,"minecraft:sand":351,"minecraft:birch_chest_boat":10,"minecraft:jungle_planks":15,"minecraft:dead_bush":2,"minecraft:cyan_bed":5,"minecraft:spectral_arrow":40,"travelersbackpack:white_sleeping_bag":1,"gnumus:vintage_parts":8,"minecraft:diamond":257,"minecraft:spruce_boat":1,"gnumus:gnumus_clay":124,"waystones:waystone":3,"minecraft:grass":1,"minecraft:golden_apple":5,"minecraft:emerald":43,"minecraft:oak_sapling":78,"minecraft:netherrack":1588,"cataclysm:ignitium_upgrade_smithing_template":4,"gnumus:gnumus_totem":2,"minecraft:azure_bluet":1,"minecraft:splash_potion":1,"minecraft:chicken":14,"minecraft:wooden_pickaxe":4,"minecraft:cooked_rabbit":6,"minecraft:gold_block":3,"minecraft:chain":4,"minecraft:shield":10,"minecraft:moss_carpet":17,"minecraft:iron_axe":26,"minecraft:blackstone":450,"minecraft:light_gray_wool":16,"minecraft:lectern":1,"minecraft:sugar_cane":2,"minecraft:phantom_membrane":2,"minecraft:dark_oak_sapling":7,"minecraft:raw_iron":340,"minecraft:copper_ingot":55,"minecraft:polished_blackstone_bricks":1,"minecraft:dark_oak_planks":18,"gnumus:pileof_gnumus_doubloons":2,"minecraft:arrow":108,"minecraft:nether_bricks":21,"minecraft:skeleton_skull":2,"minecraft:basalt":1909,"minecraft:golden_carrot":6,"minecraft:glow_ink_sac":18,"minecraft:salmon":6,"minecraft:leather":74,"minecraft:birch_planks":88,"minecraft:crimson_fungus":16,"minecraft:orange_terracotta":6,"minecraft:cooked_mutton":12,"gnumus:gnumus_horn":9,"minecraft:rabbit_hide":12,"minecraft:heart_of_the_sea":1,"minecraft:iron_ingot":40,"minecraft:acacia_sapling":26,"minecraft:soul_sand":12,"minecraft:book":11,"minecraft:warped_fungus":2,"gnumus:vintage_alloy_ingot":1,"minecraft:quartz":281,"minecraft:dandelion":1,"minecraft:raw_iron_block":8,"minecraft:dripstone_block":12,"minecraft:amethyst_shard":104,"minecraft:soul_torch":3,"minecraft:white_bed":13,"minecraft:spider_eye":8,"minecraft:mangrove_leaves":48,"minecraft:iron_helmet":9,"minecraft:cherry_sapling":71,"minecraft:terracotta":1,"minecraft:black_wool":6,"minecraft:coal":178},"minecraft:custom":{"minecraft:interact_with_crafting_table":257,"minecraft:open_barrel":14,"minecraft:bell_ring":20,"minecraft:leave_game":23,"minecraft:time_since_death":21016,"minecraft:damage_blocked_by_shield":1720,"minecraft:play_time":1645475,"minecraft:deaths":37,"minecraft:jump":13756,"minecraft:enchant_item":1,"minecraft:interact_with_furnace":169,"minecraft:traded_with_villager":6,"minecraft:sleep_in_bed":18,"minecraft:waystone_activated":8,"minecraft:damage_dealt":64518,"tombstone:undead_killed":12,"minecraft:interact_with_smoker":33,"minecraft:horse_one_cm":1188677,"minecraft:interact_with_smithing_table":36,"minecraft:interact_with_anvil":12,"minecraft:sneak_time":55679,"minecraft:interact_with_blast_furnace":29,"minecraft:total_world_time":1645475,"minecraft:time_since_rest":20614,"minecraft:swim_one_cm":348949,"minecraft:fly_one_cm":1793178,"minecraft:open_chest":1154,"minecraft:fall_one_cm":266699,"minecraft:damage_resisted":390,"minecraft:sprint_one_cm":4831865,"minecraft:drop":1118,"minecraft:talked_to_villager":14,"minecraft:walk_on_water_one_cm":121253,"minecraft:player_kills":1,"minecraft:crouch_one_cm":99022,"minecraft:mob_kills":383,"minecraft:damage_dealt_resisted":657,"minecraft:climb_one_cm":6895,"minecraft:walk_one_cm":3660878,"minecraft:walk_under_water_one_cm":85286,"minecraft:pot_flower":2,"minecraft:damage_taken":21455,"minecraft:damage_absorbed":80}},"DataVersion":3465}