{"stats":{"minecraft:mined":{"minecraft:chiseled_bookshelf":1,"minecraft:oak_leaves":1,"minecraft:torch":1},"minecraft:used":{"minecraft:diamond_sword":10,"minecraft:cooked_porkchop":5,"minecraft:diamond_axe":4},"minecraft:dropped":{"minecraft:diamond_pickaxe":1},"minecraft:picked_up":{"minecraft:diamond_pickaxe":1},"minecraft:custom":{"minecraft:time_since_rest":24244,"minecraft:open_chest":2,"minecraft:crouch_one_cm":2439,"minecraft:sprint_one_cm":55923,"minecraft:play_time":24244,"minecraft:damage_taken":384,"minecraft:walk_one_cm":61054,"minecraft:sneak_time":472,"minecraft:interact_with_anvil":1,"minecraft:drop":1,"minecraft:jump":342,"minecraft:damage_dealt":139,"minecraft:leave_game":3,"minecraft:time_since_death":24244,"minecraft:total_world_time":24244,"minecraft:damage_resisted":25,"minecraft:fall_one_cm":11187,"minecraft:fly_one_cm":59906}},"DataVersion":3465}