{"stats":{"minecraft:mined":{"minecraft:chiseled_bookshelf":1,"minecraft:sugar_cane":2,"minecraft:white_wool":1,"minecraft:oak_leaves":1,"minecraft:torch":1},"minecraft:used":{"minecraft:diamond_sword":27,"minecraft:cooked_porkchop":7,"minecraft:diamond_axe":6},"minecraft:dropped":{"minecraft:diamond_pickaxe":1},"minecraft:picked_up":{"minecraft:sugar_cane":3,"minecraft:white_wool":1,"minecraft:diamond_pickaxe":1},"minecraft:custom":{"minecraft:time_since_rest":36180,"minecraft:open_chest":20,"minecraft:waystone_activated":1,"minecraft:crouch_one_cm":2714,"minecraft:interact_with_furnace":1,"minecraft:sprint_one_cm":103162,"minecraft:play_time":36180,"minecraft:damage_taken":468,"minecraft:walk_one_cm":86535,"minecraft:sneak_time":508,"minecraft:interact_with_anvil":1,"minecraft:drop":1,"minecraft:jump":450,"minecraft:damage_dealt":485,"minecraft:leave_game":4,"minecraft:time_since_death":36180,"minecraft:total_world_time":36180,"minecraft:damage_resisted":35,"minecraft:interact_with_crafting_table":1,"minecraft:fall_one_cm":14456,"minecraft:fly_one_cm":79385}},"DataVersion":3465}