{"stats":{"minecraft:mined":{"minecraft:nether_gold_ore":8,"minecraft:tuff":4,"travelersbackpack:lapis":1,"minecraft:deepslate_diamond_ore":11,"minecraft:nether_bricks":2,"minecraft:granite":48,"minecraft:dark_oak_fence":1,"minecraft:chiseled_bookshelf":1,"minecraft:grass_block":18,"minecraft:spawner":1,"minecraft:magma_block":1,"minecraft:redstone_ore":1,"minecraft:glowstone":14,"minecraft:iron_ore":5,"minecraft:andesite":14,"minecraft:deepslate_lapis_ore":1,"minecraft:nether_brick_fence":1,"minecraft:deepslate_iron_ore":2,"minecraft:stone":237,"minecraft:white_wool":2,"minecraft:deepslate_redstone_ore":1,"minecraft:blackstone":19,"minecraft:soul_sand":1,"minecraft:basalt":4,"minecraft:dandelion":1,"minecraft:torch":7,"minecraft:chest":1,"minecraft:nether_quartz_ore":54,"minecraft:cobblestone":6,"minecraft:deepslate_coal_ore":5,"minecraft:lapis_ore":4,"minecraft:sugar_cane":4,"minecraft:wall_torch":5,"minecraft:birch_planks":12,"minecraft:warped_nylium":1,"minecraft:white_carpet":3,"minecraft:birch_leaves":2,"minecraft:grass":4,"minecraft:oak_log":10,"minecraft:coal_ore":14,"minecraft:cherry_leaves":17,"minecraft:gravel":7,"minecraft:sand":9,"minecraft:dirt":35,"minecraft:netherrack":1812,"minecraft:ancient_debris":11,"minecraft:oak_leaves":5,"minecraft:deepslate":181},"minecraft:crafted":{"minecraft:oak_planks":40,"minecraft:netherite_sword":1,"travelersbackpack:magma_cube":1,"minecraft:glass":9,"minecraft:netherite_leggings":1,"minecraft:netherite_boots":1,"gnumus:vintage_alloy_ingot":4,"travelersbackpack:gray_sleeping_bag":1,"minecraft:chest":4,"minecraft:netherite_upgrade_smithing_template":10,"minecraft:netherite_scrap":13,"minecraft:cooked_rabbit":4,"travelersbackpack:backpack_tank":2,"travelersbackpack:standard":1,"minecraft:copper_ingot":37,"gnumus:hammer_vintage_universal_tool":1,"minecraft:air":0,"gnumus:vintage_metal":7,"minecraft:shield":1,"minecraft:stick":88,"minecraft:gold_ingot":43,"minecraft:netherite_ingot":3,"minecraft:torch":144},"minecraft:used":{"gnumus:hammer_vintage_universal_tool":139,"minecraft:netherite_sword":30,"travelersbackpack:lapis":1,"minecraft:chest":2,"minecraft:netherrack":98,"minecraft:torch":73,"minecraft:dirt":27,"minecraft:mutton":2,"minecraft:white_carpet":3,"cataclysm:infernal_forge":3,"minecraft:birch_chest_boat":1,"gnumus:vintage_gnumus_pickaxe":610,"minecraft:golden_carrot":2,"tombstone:gift":2,"minecraft:warped_stem":2,"minecraft:birch_planks":12,"minecraft:oak_planks":2,"minecraft:ender_pearl":1,"minecraft:diamond_axe":45,"minecraft:white_wool":1,"minecraft:diamond_pickaxe":1743,"minecraft:diamond_sword":145,"minecraft:cobblestone":44,"minecraft:cooked_porkchop":48,"minecraft:cooked_rabbit":1,"minecraft:bucket":2},"minecraft:killed":{"minecraft:spider":4,"minecraft:sheep":3,"minecraft:zombie":5,"minecraft:wither_skeleton":1},"minecraft:dropped":{"minecraft:enchanted_book":1,"gnumus:gnumus_helmet_helmet":1,"minecraft:cooked_porkchop":10,"minecraft:feather":3,"minecraft:glow_berries":2,"minecraft:dirt":6,"minecraft:rabbit":2,"minecraft:diamond_sword":1,"gnumus:gnumus_doubloons":8,"gnumus:vintage_rifle":1,"gnumus:gnumus_clay":1,"minecraft:diamond_pickaxe":2,"cataclysm:infernal_forge":1,"minecraft:magma_cream":8,"minecraft:quartz":153,"minecraft:netherrack":223},"minecraft:picked_up":{"minecraft:nether_brick_fence":1,"gnumus:gnumus_claw":4,"minecraft:diamond_sword":1,"minecraft:enchanted_book":1,"gnumus:vintage_bullet":1,"minecraft:string":6,"minecraft:white_carpet":3,"minecraft:blackstone":19,"minecraft:gold_nugget":179,"minecraft:cobbled_deepslate":234,"gnumus:packaged_goods":16,"travelersbackpack:lapis":2,"minecraft:sugar_cane":7,"minecraft:chest":1,"minecraft:raw_iron":38,"minecraft:torch":13,"tombstone:grave_dust":2,"gnumus:gnumus_helmet_helmet":1,"gnumus:grilled_juicy_meat":3,"minecraft:redstone":41,"gnumus:wrapper_with_goods":2,"gnumus:vintage_metal":4,"minecraft:rotten_flesh":5,"minecraft:nether_bricks":2,"minecraft:gold_ingot":3,"minecraft:glow_berries":2,"minecraft:mutton":4,"minecraft:cod":8,"minecraft:white_wool":3,"minecraft:cobblestone":350,"minecraft:magma_block":1,"gnumus:gnumus_doubloons":21,"minecraft:feather":3,"minecraft:basalt":4,"minecraft:magma_cream":14,"minecraft:golden_carrot":3,"minecraft:andesite":41,"gnumus:overripe_carrot":12,"minecraft:leather":3,"minecraft:birch_planks":12,"minecraft:tuff":4,"minecraft:oak_log":10,"minecraft:ancient_debris":11,"minecraft:paper":20,"minecraft:lapis_lazuli":223,"minecraft:dirt":122,"minecraft:bone":1,"cataclysm:infernal_forge":1,"gnumus:vintage_rifle":1,"minecraft:warped_stem":3,"minecraft:rabbit":2,"minecraft:glowstone_dust":36,"minecraft:soul_sand":1,"minecraft:quartz":489,"minecraft:dandelion":1,"minecraft:gravel":7,"minecraft:birch_chest_boat":1,"minecraft:sand":9,"gnumus:gnumus_cheese":6,"minecraft:spider_eye":2,"minecraft:bundle":1,"gnumus:vintage_parts":2,"minecraft:diamond":45,"gnumus:gnumus_clay":1,"minecraft:granite":84,"minecraft:crossbow":1,"minecraft:cherry_sapling":2,"minecraft:gray_wool":2,"minecraft:emerald":3,"minecraft:coal":139,"minecraft:netherrack":1777,"minecraft:dark_oak_fence":1,"minecraft:diamond_pickaxe":2,"minecraft:ender_pearl":6},"minecraft:custom":{"minecraft:interact_with_smithing_table":7,"minecraft:mob_kills":13,"minecraft:interact_with_anvil":13,"minecraft:interact_with_crafting_table":30,"minecraft:leave_game":8,"minecraft:time_since_death":73237,"minecraft:damage_resisted":528,"minecraft:sprint_one_cm":720239,"minecraft:walk_one_cm":483730,"minecraft:drop":50,"minecraft:play_time":259432,"minecraft:deaths":1,"minecraft:sneak_time":27854,"minecraft:walk_under_water_one_cm":7442,"minecraft:jump":2755,"minecraft:interact_with_blast_furnace":24,"minecraft:walk_on_water_one_cm":11035,"minecraft:enchant_item":5,"minecraft:total_world_time":259432,"minecraft:interact_with_furnace":11,"minecraft:interact_with_cartography_table":4,"minecraft:interact_with_grindstone":4,"minecraft:waystone_activated":1,"minecraft:time_since_rest":70915,"minecraft:damage_taken":3606,"minecraft:damage_dealt":3515,"minecraft:swim_one_cm":3150,"minecraft:fly_one_cm":424557,"minecraft:player_kills":1,"minecraft:open_chest":301,"minecraft:crouch_one_cm":81069,"tombstone:undead_killed":6,"minecraft:interact_with_smoker":9,"minecraft:use_cauldron":2,"minecraft:fall_one_cm":78873,"minecraft:horse_one_cm":2151}},"DataVersion":3465}