{"stats":{"minecraft:mined":{"minecraft:nether_gold_ore":5,"minecraft:soul_sand":1,"minecraft:blackstone":19,"minecraft:basalt":4,"minecraft:dandelion":1,"minecraft:torch":1,"minecraft:nether_bricks":2,"minecraft:chiseled_bookshelf":1,"minecraft:grass_block":12,"minecraft:nether_quartz_ore":12,"minecraft:cobblestone":3,"minecraft:sugar_cane":4,"minecraft:wall_torch":1,"minecraft:birch_planks":12,"minecraft:warped_nylium":1,"minecraft:magma_block":1,"minecraft:glowstone":14,"minecraft:white_carpet":3,"minecraft:birch_leaves":2,"minecraft:nether_brick_fence":1,"minecraft:grass":4,"minecraft:sand":9,"minecraft:dirt":2,"minecraft:ancient_debris":5,"minecraft:netherrack":834,"minecraft:white_wool":2,"minecraft:oak_leaves":1},"minecraft:crafted":{"travelersbackpack:backpack_tank":2,"travelersbackpack:standard":1,"minecraft:copper_ingot":37,"gnumus:hammer_vintage_universal_tool":1,"minecraft:air":0,"travelersbackpack:magma_cube":1,"gnumus:vintage_metal":7,"minecraft:glass":9,"gnumus:vintage_alloy_ingot":4,"travelersbackpack:gray_sleeping_bag":1,"minecraft:stick":8,"minecraft:chest":2,"minecraft:gold_ingot":26,"minecraft:netherite_ingot":1,"minecraft:netherite_scrap":7},"minecraft:used":{"gnumus:hammer_vintage_universal_tool":10,"minecraft:birch_planks":12,"minecraft:oak_planks":2,"minecraft:diamond_axe":27,"minecraft:netherrack":81,"minecraft:white_wool":1,"minecraft:torch":1,"minecraft:mutton":2,"minecraft:white_carpet":3,"minecraft:diamond_pickaxe":462,"minecraft:birch_chest_boat":1,"gnumus:vintage_gnumus_pickaxe":438,"minecraft:diamond_sword":143,"minecraft:cooked_porkchop":40,"minecraft:bucket":2},"minecraft:killed":{"minecraft:sheep":3,"minecraft:zombie":3,"minecraft:wither_skeleton":1},"minecraft:dropped":{"minecraft:cooked_porkchop":10,"minecraft:feather":3,"minecraft:glow_berries":2,"gnumus:gnumus_doubloons":8,"minecraft:diamond_sword":1,"minecraft:dirt":6,"gnumus:vintage_rifle":1,"gnumus:gnumus_clay":1,"minecraft:diamond_pickaxe":2,"minecraft:rabbit":2,"minecraft:magma_cream":8,"minecraft:quartz":153},"minecraft:picked_up":{"minecraft:magma_block":1,"gnumus:gnumus_doubloons":21,"minecraft:feather":3,"minecraft:basalt":4,"minecraft:golden_carrot":3,"minecraft:magma_cream":14,"minecraft:nether_brick_fence":1,"gnumus:overripe_carrot":12,"minecraft:leather":3,"gnumus:gnumus_claw":4,"minecraft:diamond_sword":1,"minecraft:birch_planks":12,"minecraft:ancient_debris":5,"gnumus:vintage_bullet":1,"minecraft:paper":20,"minecraft:dirt":52,"minecraft:white_carpet":3,"minecraft:bone":1,"minecraft:blackstone":19,"gnumus:vintage_rifle":1,"minecraft:gold_nugget":147,"gnumus:packaged_goods":16,"minecraft:rabbit":2,"minecraft:glowstone_dust":36,"minecraft:sugar_cane":7,"minecraft:soul_sand":1,"minecraft:torch":2,"minecraft:dandelion":1,"minecraft:quartz":152,"minecraft:birch_chest_boat":1,"minecraft:sand":9,"gnumus:gnumus_cheese":6,"tombstone:grave_dust":2,"gnumus:grilled_juicy_meat":3,"gnumus:wrapper_with_goods":2,"gnumus:vintage_metal":4,"minecraft:rotten_flesh":3,"gnumus:vintage_parts":2,"gnumus:gnumus_clay":1,"minecraft:nether_bricks":2,"minecraft:crossbow":1,"minecraft:gray_wool":2,"minecraft:gold_ingot":3,"minecraft:emerald":3,"minecraft:cobblestone":3,"minecraft:glow_berries":2,"minecraft:netherrack":817,"minecraft:mutton":4,"minecraft:cod":8,"minecraft:ender_pearl":6,"minecraft:white_wool":3,"minecraft:diamond_pickaxe":2},"minecraft:custom":{"minecraft:interact_with_smithing_table":4,"minecraft:interact_with_furnace":7,"minecraft:mob_kills":7,"minecraft:interact_with_anvil":3,"minecraft:interact_with_cartography_table":1,"minecraft:interact_with_crafting_table":19,"minecraft:leave_game":6,"minecraft:time_since_death":151679,"minecraft:damage_resisted":364,"minecraft:waystone_activated":1,"minecraft:time_since_rest":151679,"minecraft:sprint_one_cm":482001,"minecraft:damage_taken":2773,"minecraft:walk_one_cm":328339,"minecraft:drop":41,"minecraft:damage_dealt":2476,"minecraft:fly_one_cm":363540,"minecraft:player_kills":1,"minecraft:open_chest":172,"minecraft:crouch_one_cm":25995,"minecraft:play_time":151679,"tombstone:undead_killed":4,"minecraft:sneak_time":7799,"minecraft:jump":2145,"minecraft:interact_with_blast_furnace":16,"minecraft:walk_on_water_one_cm":2062,"minecraft:interact_with_smoker":2,"minecraft:total_world_time":151679,"minecraft:use_cauldron":2,"minecraft:fall_one_cm":62186,"minecraft:horse_one_cm":2151}},"DataVersion":3465}