{"stats":{"minecraft:broken":{"gnumus:gnumus_helmet_helmet":1},"minecraft:mined":{"minecraft:nether_gold_ore":8,"minecraft:tuff":4,"minecraft:yellow_wall_banner":1,"travelersbackpack:lapis":1,"minecraft:deepslate_diamond_ore":11,"cataclysm:sandstone_ignite_trap":7,"minecraft:nether_bricks":2,"minecraft:granite":48,"minecraft:dark_oak_fence":1,"minecraft:chiseled_bookshelf":2,"minecraft:grass_block":18,"minecraft:decorated_pot":2,"minecraft:sandstone":16,"minecraft:spawner":1,"minecraft:magma_block":1,"minecraft:redstone_ore":1,"minecraft:glowstone":14,"minecraft:iron_ore":5,"minecraft:chiseled_sandstone":1,"minecraft:andesite":14,"minecraft:deepslate_lapis_ore":1,"minecraft:nether_brick_fence":1,"minecraft:deepslate_iron_ore":2,"minecraft:stone":237,"minecraft:white_wool":2,"minecraft:deepslate_redstone_ore":1,"minecraft:cut_sandstone":3,"minecraft:blackstone":19,"minecraft:soul_sand":1,"minecraft:basalt":4,"minecraft:dandelion":1,"minecraft:smooth_sandstone":52,"minecraft:torch":8,"minecraft:chest":1,"minecraft:nether_quartz_ore":54,"minecraft:cobblestone":6,"minecraft:deepslate_coal_ore":5,"minecraft:lapis_ore":4,"minecraft:sugar_cane":4,"minecraft:wall_torch":6,"minecraft:skeleton_skull":1,"minecraft:birch_planks":12,"minecraft:warped_nylium":1,"minecraft:white_carpet":3,"minecraft:birch_leaves":2,"minecraft:grass":4,"cataclysm:sandstone_falling_trap":5,"minecraft:oak_log":10,"minecraft:coal_ore":14,"minecraft:tripwire_hook":1,"minecraft:cherry_leaves":19,"minecraft:gravel":7,"minecraft:sand":9,"minecraft:dirt":35,"minecraft:sandstone_wall":1,"minecraft:netherrack":1812,"minecraft:ancient_debris":11,"minecraft:oak_leaves":5,"minecraft:deepslate":181},"minecraft:crafted":{"minecraft:oak_planks":40,"minecraft:netherite_sword":1,"cataclysm:bone_reptile_helmet":1,"minecraft:cooked_mutton":31,"travelersbackpack:magma_cube":1,"minecraft:glass":9,"minecraft:netherite_leggings":1,"minecraft:netherite_boots":1,"gnumus:vintage_alloy_ingot":5,"travelersbackpack:gray_sleeping_bag":1,"minecraft:chest":4,"gnumus:gnumus_helmet_helmet":1,"minecraft:netherite_upgrade_smithing_template":10,"minecraft:netherite_scrap":13,"minecraft:cooked_rabbit":4,"travelersbackpack:backpack_tank":2,"travelersbackpack:standard":1,"minecraft:copper_ingot":37,"cataclysm:ancient_metal_ingot":1,"gnumus:hammer_vintage_universal_tool":1,"minecraft:air":0,"gnumus:vintage_metal":10,"minecraft:shield":1,"minecraft:stick":88,"minecraft:iron_ingot":15,"minecraft:gold_ingot":43,"minecraft:netherite_ingot":3,"minecraft:torch":144,"cataclysm:bone_reptile_chestplate":1},"minecraft:used":{"gnumus:hammer_vintage_universal_tool":139,"minecraft:netherite_sword":109,"waystones:sandy_waystone":1,"travelersbackpack:lapis":1,"minecraft:decorated_pot":1,"minecraft:chest":3,"minecraft:shield":9,"minecraft:netherrack":140,"minecraft:torch":112,"minecraft:dirt":27,"minecraft:mutton":2,"minecraft:white_carpet":3,"cataclysm:infernal_forge":3,"minecraft:birch_chest_boat":1,"minecraft:smooth_sandstone":9,"gnumus:vintage_gnumus_pickaxe":689,"minecraft:golden_carrot":3,"tombstone:gift":6,"minecraft:cooked_beef":5,"minecraft:cooked_mutton":22,"minecraft:warped_stem":2,"minecraft:birch_planks":12,"minecraft:oak_planks":2,"minecraft:ender_pearl":1,"minecraft:diamond_axe":45,"minecraft:white_wool":1,"minecraft:diamond_pickaxe":1754,"tombstone:magic_scroll":1,"minecraft:diamond_sword":145,"minecraft:cobblestone":44,"minecraft:cooked_porkchop":48,"minecraft:cooked_rabbit":1,"minecraft:bucket":2},"minecraft:killed":{"minecraft:spider":4,"cataclysm:kobolediator":1,"cataclysm:wadjet":1,"cataclysm:koboleton":9,"minecraft:sheep":3,"minecraft:zombie":5,"minecraft:wither_skeleton":1},"minecraft:dropped":{"minecraft:enchanted_book":1,"gnumus:gnumus_helmet_helmet":1,"minecraft:cooked_porkchop":10,"cataclysm:sandstone_ignite_trap":13,"minecraft:feather":3,"minecraft:glow_berries":2,"minecraft:diamond_horse_armor":1,"minecraft:dirt":6,"minecraft:polished_blackstone_brick_stairs":1,"minecraft:rabbit":2,"minecraft:cut_sandstone":6,"minecraft:smooth_sandstone":39,"minecraft:string":8,"minecraft:tripwire_hook":1,"minecraft:chiseled_sandstone":12,"minecraft:gold_ingot":1,"cataclysm:koboleton_bone":6,"minecraft:smooth_sandstone_stairs":16,"minecraft:rotten_flesh":1,"minecraft:sandstone_wall":4,"minecraft:diamond_sword":1,"gnumus:gnumus_doubloons":8,"gnumus:vintage_rifle":1,"minecraft:flower_pot":3,"gnumus:gnumus_clay":1,"minecraft:diamond_pickaxe":2,"cataclysm:ancient_metal_ingot":9,"cataclysm:kobolediator_skull":1,"minecraft:arrow":1,"minecraft:sandstone":14,"cataclysm:sandstone_falling_trap":2,"cataclysm:infernal_forge":1,"minecraft:magma_cream":8,"minecraft:quartz":153,"minecraft:netherrack":235},"minecraft:picked_up":{"minecraft:nether_brick_fence":1,"minecraft:flower_pot":4,"minecraft:mourner_pottery_sherd":1,"gnumus:gnumus_claw":4,"minecraft:diamond_sword":1,"minecraft:enchanted_book":2,"minecraft:shield":1,"gnumus:vintage_bullet":1,"minecraft:polished_blackstone_brick_stairs":2,"minecraft:string":21,"minecraft:white_carpet":3,"minecraft:blackstone":19,"minecraft:gold_nugget":179,"minecraft:cobbled_deepslate":234,"gnumus:packaged_goods":16,"travelersbackpack:lapis":2,"cataclysm:khopesh":1,"minecraft:sugar_cane":7,"minecraft:chest":2,"minecraft:raw_iron":38,"minecraft:sandstone":14,"minecraft:torch":17,"cataclysm:kobolediator_skull":2,"minecraft:sandstone_wall":4,"tombstone:grave_dust":7,"gnumus:gnumus_helmet_helmet":1,"gnumus:grilled_juicy_meat":3,"minecraft:redstone":41,"minecraft:yellow_banner":1,"gnumus:wrapper_with_goods":2,"gnumus:vintage_metal":4,"minecraft:rotten_flesh":6,"minecraft:decorated_pot":1,"minecraft:nether_bricks":2,"minecraft:gold_ingot":3,"minecraft:glow_berries":2,"minecraft:mutton":4,"minecraft:cod":8,"minecraft:white_wool":3,"minecraft:cobblestone":350,"minecraft:cooked_beef":5,"minecraft:magma_block":1,"gnumus:gnumus_doubloons":22,"minecraft:feather":3,"minecraft:basalt":4,"minecraft:magma_cream":14,"minecraft:golden_carrot":3,"minecraft:tripwire_hook":1,"minecraft:andesite":41,"gnumus:overripe_carrot":12,"minecraft:cut_sandstone":6,"minecraft:leather":3,"minecraft:birch_planks":12,"waystones:sandy_waystone":1,"minecraft:tuff":4,"minecraft:smooth_sandstone_stairs":33,"minecraft:oak_log":10,"minecraft:ancient_debris":11,"minecraft:paper":20,"minecraft:lapis_lazuli":223,"minecraft:dirt":122,"tombstone:gift":2,"cataclysm:koboleton_bone":12,"minecraft:smooth_sandstone":125,"minecraft:bone":1,"cataclysm:infernal_forge":1,"gnumus:vintage_rifle":1,"minecraft:warped_stem":3,"minecraft:iron_ingot":2,"minecraft:rabbit":5,"minecraft:glowstone_dust":36,"minecraft:arms_up_pottery_sherd":1,"minecraft:soul_sand":1,"minecraft:quartz":489,"minecraft:dandelion":1,"minecraft:gravel":7,"minecraft:birch_chest_boat":1,"minecraft:sand":10,"gnumus:gnumus_cheese":6,"minecraft:dead_bush":1,"minecraft:chiseled_sandstone":14,"minecraft:spider_eye":2,"minecraft:writable_book":1,"minecraft:bundle":2,"cataclysm:ancient_metal_ingot":15,"gnumus:vintage_parts":2,"minecraft:diamond":45,"gnumus:gnumus_clay":1,"cataclysm:sandstone_falling_trap":3,"minecraft:granite":84,"minecraft:crossbow":1,"minecraft:cherry_sapling":2,"cataclysm:ancient_metal_nugget":19,"minecraft:gray_wool":2,"minecraft:emerald":3,"cataclysm:sandstone_ignite_trap":22,"tombstone:magic_scroll":1,"minecraft:coal":139,"minecraft:netherrack":1831,"minecraft:dark_oak_fence":1,"minecraft:diamond_pickaxe":2,"minecraft:ender_pearl":6},"minecraft:custom":{"minecraft:interact_with_smithing_table":8,"minecraft:mob_kills":24,"minecraft:interact_with_anvil":13,"minecraft:interact_with_crafting_table":37,"minecraft:leave_game":8,"minecraft:time_since_death":133237,"minecraft:climb_one_cm":134,"minecraft:damage_resisted":835,"minecraft:sprint_one_cm":906142,"minecraft:walk_one_cm":669198,"minecraft:damage_blocked_by_shield":1120,"minecraft:drop":86,"minecraft:play_time":319432,"minecraft:deaths":1,"minecraft:sneak_time":30179,"minecraft:walk_under_water_one_cm":12896,"minecraft:jump":3279,"minecraft:interact_with_blast_furnace":27,"minecraft:walk_on_water_one_cm":29029,"minecraft:enchant_item":5,"minecraft:total_world_time":319432,"minecraft:interact_with_furnace":11,"minecraft:interact_with_cartography_table":5,"minecraft:interact_with_grindstone":4,"minecraft:waystone_activated":3,"minecraft:time_since_rest":130915,"minecraft:damage_taken":5818,"minecraft:trigger_trapped_chest":3,"minecraft:damage_dealt":7414,"minecraft:swim_one_cm":5639,"minecraft:fly_one_cm":483496,"minecraft:player_kills":1,"minecraft:open_chest":346,"minecraft:crouch_one_cm":90128,"tombstone:undead_killed":17,"minecraft:interact_with_smoker":10,"minecraft:use_cauldron":2,"minecraft:fall_one_cm":95645,"minecraft:horse_one_cm":84978}},"DataVersion":3465}