{"stats":{"minecraft:mined":{"minecraft:oak_leaves":1},"minecraft:used":{"minecraft:cooked_porkchop":1},"minecraft:dropped":{"minecraft:diamond_pickaxe":1},"minecraft:picked_up":{"minecraft:diamond_pickaxe":1},"minecraft:custom":{"minecraft:jump":82,"minecraft:open_chest":2,"minecraft:time_since_rest":6612,"minecraft:crouch_one_cm":31,"minecraft:leave_game":3,"minecraft:play_time":6612,"minecraft:sprint_one_cm":7615,"minecraft:damage_taken":58,"minecraft:time_since_death":6612,"minecraft:walk_one_cm":9651,"minecraft:sneak_time":17,"minecraft:total_world_time":6612,"minecraft:damage_resisted":2,"minecraft:drop":1,"minecraft:fall_one_cm":3283,"minecraft:fly_one_cm":9660}},"DataVersion":3465}