{"stats":{"minecraft:broken":{"minecraft:stone_pickaxe":1,"minecraft:iron_pickaxe":1},"minecraft:crafted":{"minecraft:oak_planks":24,"minecraft:furnace":1,"travelersbackpack:diamond":1,"minecraft:cooked_mutton":15,"travelersbackpack:white_sleeping_bag":1,"minecraft:diamond_helmet":1,"minecraft:diamond_leggings":1,"minecraft:polished_deepslate":128,"minecraft:stone_pickaxe":1,"minecraft:diamond_boots":1,"minecraft:redstone_block":32,"minecraft:raw_iron_block":24,"minecraft:diamond_sword":1,"minecraft:cauldron":10,"minecraft:diamond_axe":1,"minecraft:crafting_table":1,"minecraft:wooden_pickaxe":1,"minecraft:iron_sword":1,"minecraft:raw_gold_block":7,"minecraft:bucket":1,"minecraft:deepslate_tiles":64,"minecraft:air":0,"minecraft:iron_chestplate":1,"minecraft:white_wool":3,"minecraft:book":2,"minecraft:diamond_pickaxe":2,"minecraft:shield":1,"minecraft:stick":152,"minecraft:iron_ingot":40,"minecraft:iron_pickaxe":1,"minecraft:gold_ingot":6,"minecraft:torch":348,"minecraft:deepslate_bricks":128,"minecraft:lapis_block":14},"minecraft:dropped":{"minecraft:enchanted_book":1,"minecraft:birch_planks":2,"minecraft:diamond":51,"minecraft:dripstone_block":4,"minecraft:cobblestone":64,"minecraft:amethyst_block":11,"minecraft:chest_minecart":2,"minecraft:granite":43,"minecraft:activator_rail":2,"minecraft:stick":6,"minecraft:flint":1,"minecraft:dirt":2,"minecraft:birch_fence":4,"minecraft:diorite":59,"minecraft:string":1,"minecraft:birch_stairs":2,"minecraft:redstone":12,"minecraft:smooth_basalt":7,"minecraft:gravel":24,"minecraft:cobbled_deepslate":8,"minecraft:tuff":119,"minecraft:rotten_flesh":1,"minecraft:pumpkin_seeds":1,"minecraft:big_dripleaf":1,"minecraft:andesite":167,"minecraft:beetroot_seeds":4,"minecraft:oak_sapling":2,"minecraft:spider_eye":3},"minecraft:used":{"minecraft:oak_fence":3,"minecraft:moss_block":3,"minecraft:tropical_fish":1,"minecraft:chest":6,"minecraft:shield":47,"minecraft:iron_sword":16,"travelersbackpack:bat":5,"travelersbackpack:diamond":12,"minecraft:rotten_flesh":32,"minecraft:netherrack":4,"minecraft:iron_chestplate":1,"minecraft:torch":260,"minecraft:dirt":12,"minecraft:warped_wart_block":21,"minecraft:mutton":3,"minecraft:white_carpet":2,"minecraft:carrot":3,"minecraft:diamond_helmet":1,"minecraft:tuff":9,"minecraft:granite":1,"minecraft:iron_hoe":12,"minecraft:lava_bucket":7,"minecraft:diamond_chestplate":1,"minecraft:furnace":4,"minecraft:cobbled_deepslate":66,"minecraft:pointed_dripstone":20,"minecraft:calcite":4,"minecraft:cooked_mutton":15,"minecraft:water_bucket":50,"minecraft:diorite":2,"minecraft:diamond_boots":1,"minecraft:rabbit":3,"minecraft:stone_pickaxe":125,"minecraft:wooden_pickaxe":41,"minecraft:cauldron":11,"minecraft:sugar_cane":4,"minecraft:diamond_axe":721,"minecraft:deepslate_bricks":4,"minecraft:golden_apple":1,"minecraft:glow_berries":2,"minecraft:crafting_table":5,"minecraft:dripstone_block":1,"minecraft:deepslate_tiles":42,"minecraft:diamond_pickaxe":3567,"minecraft:apple":1,"minecraft:iron_pickaxe":253,"minecraft:bread":5,"minecraft:string":2,"travelersbackpack:white_sleeping_bag":2,"minecraft:gravel":14,"minecraft:diamond_sword":331,"minecraft:cobblestone":106,"travelersbackpack:standard":7,"minecraft:cooked_porkchop":2,"minecraft:grindstone":1,"minecraft:andesite":12,"minecraft:bucket":64,"minecraft:diamond_leggings":1},"minecraft:killed":{"minecraft:cave_spider":18,"minecraft:spider":2,"minecraft:phantom":1,"minecraft:skeleton":9,"gnumus:gnumus_hunter":5,"minecraft:zombie_villager":1,"minecraft:creeper":1,"minecraft:sheep":1,"minecraft:zombie":13,"minecraft:enderman":1},"minecraft:mined":{"minecraft:nether_gold_ore":9,"minecraft:large_amethyst_bud":2,"minecraft:deepslate_tiles":10,"minecraft:diamond_ore":2,"minecraft:tuff":136,"minecraft:deepslate_diamond_ore":12,"minecraft:sculk_vein":1,"minecraft:glow_lichen":1,"minecraft:budding_amethyst":13,"minecraft:granite":41,"minecraft:grass_block":19,"minecraft:deepslate_bricks":4,"travelersbackpack:white_sleeping_bag":2,"minecraft:moss_block":3,"minecraft:spawner":11,"minecraft:polished_blackstone_bricks":6,"minecraft:magma_block":139,"minecraft:redstone_ore":1,"minecraft:furnace":3,"minecraft:raw_gold_block":1,"minecraft:iron_ore":30,"minecraft:fire":2,"minecraft:cobbled_deepslate":3,"minecraft:andesite":104,"minecraft:deepslate_lapis_ore":11,"minecraft:pointed_dripstone":17,"minecraft:shroomlight":10,"minecraft:deepslate_iron_ore":57,"minecraft:warped_stem":136,"minecraft:azalea":1,"minecraft:stone":868,"minecraft:deepslate_redstone_ore":28,"minecraft:birch_stairs":1,"minecraft:medium_amethyst_bud":1,"travelersbackpack:standard":1,"minecraft:oak_fence":1,"minecraft:crafting_table":4,"minecraft:torch":14,"minecraft:emerald_ore":1,"minecraft:calcite":4,"minecraft:warped_roots":1,"minecraft:chest":6,"minecraft:sculk_sensor":2,"minecraft:nether_quartz_ore":6,"minecraft:copper_ore":3,"minecraft:cobblestone":2,"minecraft:deepslate_coal_ore":15,"minecraft:warped_wart_block":457,"minecraft:deepslate_gold_ore":32,"minecraft:lapis_ore":9,"minecraft:oak_planks":83,"minecraft:grindstone":1,"minecraft:sugar_cane":4,"minecraft:sculk":90,"minecraft:diorite":70,"minecraft:wall_torch":4,"minecraft:amethyst_block":11,"minecraft:cauldron":2,"travelersbackpack:diamond":1,"minecraft:pink_petals":1,"minecraft:birch_planks":1,"minecraft:warped_nylium":6,"minecraft:grass":4,"minecraft:oak_log":6,"minecraft:coal_ore":27,"minecraft:gravel":11,"minecraft:dripstone_block":4,"minecraft:dirt":29,"minecraft:cobweb":193,"minecraft:smooth_basalt":6,"minecraft:netherrack":563,"minecraft:gold_ore":4,"minecraft:deepslate":1555,"minecraft:birch_fence":2},"minecraft:picked_up":{"minecraft:iron_chestplate":1,"minecraft:crafting_table":4,"minecraft:wheat":2,"travelersbackpack:bat":1,"minecraft:flower_pot":1,"minecraft:chest_minecart":3,"gnumus:gnumus_claw":7,"minecraft:enchanted_book":2,"minecraft:diamond_horse_armor":1,"minecraft:amethyst_block":11,"minecraft:music_disc_cat":1,"minecraft:string":347,"minecraft:raw_copper":89,"travelersbackpack:diamond":1,"minecraft:white_carpet":2,"minecraft:shroomlight":10,"minecraft:birch_fence":4,"minecraft:activator_rail":2,"minecraft:deepslate_tiles":10,"minecraft:gold_nugget":141,"minecraft:cobbled_deepslate":998,"minecraft:bucket":7,"minecraft:beef":13,"minecraft:calcite":4,"minecraft:azalea":2,"minecraft:iron_pickaxe":1,"minecraft:sugar_cane":8,"minecraft:chest":6,"minecraft:furnace":3,"minecraft:dark_oak_sapling":8,"minecraft:stick":4,"minecraft:raw_iron":310,"minecraft:sandstone":63,"minecraft:raw_gold_block":1,"minecraft:big_dripleaf":1,"minecraft:oak_fence":3,"minecraft:torch":54,"minecraft:polished_blackstone_bricks":6,"minecraft:pointed_dripstone":34,"minecraft:diorite":114,"minecraft:carrot":2,"gnumus:grilled_juicy_meat":3,"minecraft:redstone":454,"minecraft:iron_horse_armor":2,"minecraft:cauldron":1,"gnumus:vintage_metal":1,"minecraft:arrow":10,"minecraft:rotten_flesh":33,"minecraft:tropical_fish":1,"minecraft:beetroot_seeds":12,"minecraft:deepslate_bricks":4,"gnumus:mouse_skin":8,"minecraft:glow_berries":7,"minecraft:mutton":4,"minecraft:rail":32,"minecraft:white_wool":1,"minecraft:cobblestone":885,"minecraft:magma_block":98,"gnumus:gnumus_doubloons":49,"minecraft:water_bucket":1,"minecraft:andesite":179,"minecraft:brown_wool":1,"minecraft:red_mushroom":1,"gnumus:gnumus_pouch":2,"minecraft:birch_planks":2,"minecraft:flint":1,"minecraft:tuff":128,"minecraft:oak_log":38,"minecraft:gunpowder":18,"minecraft:lapis_lazuli":448,"gnumus:gnumus_pickaxe":1,"minecraft:dirt":43,"minecraft:name_tag":1,"gnumus:gnumus_pouch_2":2,"minecraft:bone":17,"minecraft:apple":2,"minecraft:bow":1,"minecraft:warped_stem":130,"minecraft:raw_gold":145,"minecraft:grindstone":1,"minecraft:iron_ingot":10,"minecraft:rabbit":3,"minecraft:moss_block":3,"minecraft:iron_sword":2,"minecraft:oak_planks":77,"minecraft:flowering_azalea":2,"minecraft:smooth_basalt":12,"minecraft:cooked_porkchop":61,"minecraft:music_disc_13":1,"minecraft:warped_wart_block":381,"minecraft:quartz":44,"minecraft:dripstone_block":11,"minecraft:gravel":38,"minecraft:birch_stairs":2,"minecraft:amethyst_shard":8,"gnumus:gnumus_cheese":1,"minecraft:white_bed":1,"minecraft:crying_obsidian":2,"minecraft:spider_eye":8,"travelersbackpack:white_sleeping_bag":1,"minecraft:iron_hoe":1,"travelersbackpack:standard":3,"minecraft:pumpkin_seeds":5,"minecraft:slime_ball":4,"minecraft:diamond":51,"gnumus:gnumus_clay":50,"minecraft:granite":44,"minecraft:golden_apple":3,"minecraft:warped_roots":1,"minecraft:netherrack":388,"minecraft:emerald":1,"minecraft:bread":5,"minecraft:oak_sapling":4,"minecraft:melon_seeds":12,"minecraft:coal":336,"minecraft:diamond_pickaxe":1},"minecraft:killed_by":{"minecraft:player":26},"minecraft:custom":{"minecraft:interact_with_anvil":2,"minecraft:mob_kills":53,"minecraft:interact_with_crafting_table":44,"minecraft:bell_ring":1,"minecraft:leave_game":4,"minecraft:time_since_death":222883,"minecraft:climb_one_cm":2332,"minecraft:sprint_one_cm":244181,"minecraft:walk_one_cm":915926,"minecraft:damage_blocked_by_shield":2402,"minecraft:drop":122,"minecraft:play_time":236856,"minecraft:deaths":26,"minecraft:sneak_time":23832,"minecraft:walk_under_water_one_cm":19987,"minecraft:jump":2243,"minecraft:walk_on_water_one_cm":54053,"minecraft:enchant_item":4,"minecraft:total_world_time":236856,"minecraft:interact_with_furnace":36,"minecraft:interact_with_grindstone":1,"minecraft:sleep_in_bed":3,"minecraft:time_since_rest":80075,"minecraft:waystone_activated":1,"minecraft:damage_taken":9791,"minecraft:damage_dealt":11118,"minecraft:player_kills":3,"minecraft:swim_one_cm":9692,"minecraft:fly_one_cm":128582,"minecraft:open_chest":105,"minecraft:crouch_one_cm":64420,"minecraft:fall_one_cm":45126,"minecraft:interact_with_smoker":1,"minecraft:use_cauldron":2,"minecraft:horse_one_cm":651}},"DataVersion":3465}