{"stats":{"minecraft:broken":{"minecraft:iron_boots":1,"gnumus:gnumus_cutlass":1,"minecraft:iron_sword":3,"minecraft:iron_hoe":4,"minecraft:iron_axe":1,"minecraft:iron_pickaxe":3,"minecraft:iron_helmet":1,"gnumus:lucky_hat_helmet":1,"minecraft:stone_axe":1,"cataclysm:khopesh":2,"gnumus:gnumus_pickaxe":1},"minecraft:mined":{"minecraft:dark_oak_planks":10,"minecraft:cut_sandstone_slab":2,"minecraft:cherry_log":23,"minecraft:obsidian":1,"minecraft:granite":75,"gnumus:baked_patterned_gnumus_clay":2,"minecraft:spawner":8,"minecraft:polished_blackstone_bricks":32,"minecraft:magma_block":11,"minecraft:cobbled_deepslate":11,"minecraft:fire":2,"minecraft:deepslate_lapis_ore":3,"minecraft:smooth_red_sandstone":2,"minecraft:dirt_path":4,"minecraft:pink_tulip":1,"minecraft:smooth_sandstone_stairs":18,"minecraft:tripwire":11,"minecraft:bamboo_slab":1,"minecraft:cut_sandstone":2,"minecraft:crimson_nylium":2,"minecraft:amethyst_cluster":1,"minecraft:soul_fire":14,"minecraft:torch":12,"minecraft:blast_furnace":3,"minecraft:dead_bush":4,"minecraft:sugar_cane":241,"minecraft:smooth_sandstone_slab":5,"gnumus:gnumus_clay_brick":1,"minecraft:amethyst_block":11,"minecraft:white_terracotta":1,"gnumus:gnumus_clay_block":3,"minecraft:mud":1,"minecraft:wheat":9,"minecraft:lilac":3,"minecraft:grass":47,"minecraft:sandstone_wall":2,"minecraft:brown_candle":2,"minecraft:smooth_basalt":16,"minecraft:deepslate":1382,"minecraft:yellow_terracotta":12,"minecraft:mossy_cobblestone":2,"minecraft:cherry_sapling":1,"minecraft:dark_oak_log":42,"minecraft:birch_fence_gate":1,"minecraft:dark_oak_fence":1,"minecraft:moss_block":1,"minecraft:suspicious_sand":2,"minecraft:andesite":36,"minecraft:white_glazed_terracotta":2,"gnumus:fragile_gnumus_jug":28,"minecraft:bone_block":3,"minecraft:light_gray_carpet":1,"minecraft:redstone_block":2,"minecraft:stone_brick_slab":1,"minecraft:polished_blackstone_brick_wall":3,"minecraft:dandelion":1,"minecraft:smooth_sandstone":92,"minecraft:campfire":1,"minecraft:copper_ore":11,"minecraft:tall_grass":2,"minecraft:deepslate_gold_ore":17,"minecraft:diorite":39,"minecraft:purple_bed":2,"minecraft:coarse_dirt":1,"minecraft:trapped_chest":4,"minecraft:spruce_log":1,"minecraft:white_carpet":1,"minecraft:birch_leaves":17,"minecraft:mangrove_leaves":1,"cataclysm:sandstone_falling_trap":6,"minecraft:dripstone_block":7,"minecraft:gravel":72,"minecraft:cobweb":21,"minecraft:brown_terracotta":14,"minecraft:polished_blackstone":8,"minecraft:stone_bricks":1,"minecraft:gold_ore":4,"minecraft:fern":1,"minecraft:sculk_vein":73,"minecraft:brewing_stand":1,"cataclysm:sandstone_ignite_trap":27,"minecraft:budding_amethyst":3,"minecraft:grass_block":431,"minecraft:cracked_polished_blackstone_bricks":1,"minecraft:soul_soil":1,"minecraft:polished_blackstone_brick_slab":2,"minecraft:composter":2,"cataclysm:sandstone_poison_dart_trap":2,"minecraft:glowstone":1,"minecraft:sculk_catalyst":4,"minecraft:iron_ore":13,"minecraft:azure_bluet":1,"minecraft:pointed_dripstone":3,"minecraft:flowering_azalea_leaves":5,"minecraft:iron_bars":1,"minecraft:purple_carpet":2,"minecraft:azalea":3,"minecraft:spruce_slab":4,"minecraft:green_bed":1,"minecraft:deepslate_redstone_ore":36,"minecraft:polished_blackstone_wall":3,"minecraft:blackstone":43,"minecraft:orange_terracotta":7,"minecraft:light_gray_terracotta":1,"minecraft:calcite":3,"minecraft:poppy":1,"minecraft:chest":25,"minecraft:nether_quartz_ore":10,"minecraft:cobblestone":4,"minecraft:grindstone":1,"minecraft:oak_planks":7,"minecraft:wall_torch":14,"minecraft:cauldron":1,"minecraft:deepslate_copper_ore":1,"minecraft:seagrass":1,"minecraft:pink_petals":3,"minecraft:blue_terracotta":1,"minecraft:nether_wart_block":2,"minecraft:birch_log":156,"minecraft:oak_log":283,"gnumus:baked_gnumus_clay_stairs":1,"minecraft:sand":56,"minecraft:dirt":763,"minecraft:tripwire_hook":3,"minecraft:netherrack":1782,"minecraft:ancient_debris":16,"minecraft:oak_leaves":62,"minecraft:nether_gold_ore":3,"minecraft:diamond_ore":1,"minecraft:tuff":129,"minecraft:dark_oak_leaves":2,"minecraft:deepslate_diamond_ore":32,"minecraft:mangrove_roots":1,"minecraft:ladder":1,"minecraft:glow_lichen":2,"minecraft:chiseled_bookshelf":39,"minecraft:decorated_pot":9,"travelersbackpack:white_sleeping_bag":1,"minecraft:spruce_leaves":18,"minecraft:mangrove_propagule":1,"minecraft:sandstone":29,"minecraft:large_fern":9,"minecraft:hay_block":53,"gnumus:scion_weed":1,"minecraft:furnace":1,"minecraft:polished_basalt":1,"minecraft:chiseled_sandstone":74,"minecraft:gold_block":3,"minecraft:bookshelf":6,"minecraft:deepslate_iron_ore":27,"minecraft:stone":414,"minecraft:flowering_azalea":1,"minecraft:crafting_table":1,"minecraft:blackstone_slab":1,"minecraft:sculk_sensor":5,"minecraft:deepslate_coal_ore":1,"minecraft:polished_blackstone_brick_stairs":3,"minecraft:sculk":1023,"minecraft:cactus":20,"minecraft:beehive":3,"minecraft:polished_blackstone_stairs":2,"minecraft:ice":11,"minecraft:bee_nest":1,"minecraft:coal_ore":14,"minecraft:cherry_leaves":4,"minecraft:flower_pot":1,"minecraft:bamboo_mosaic_stairs":1,"minecraft:cracked_stone_bricks":1,"minecraft:terracotta":9,"minecraft:birch_fence":2},"minecraft:crafted":{"gnumus:grilled_juicy_meat":54,"travelersbackpack:crafting_upgrade":1,"minecraft:diamond_shovel":1,"minecraft:bookshelf":6,"gnumus:vintage_charger":2,"minecraft:glass":49,"minecraft:diamond_helmet":1,"minecraft:diamond_leggings":2,"gnumus:vintage_alloy_ingot":12,"gnumus:pileof_gnumus_doubloons":7,"minecraft:cooked_rabbit":22,"gnumus:gnumus_cutlass":3,"gnumus:vintage_gnumus_cutlass":1,"travelersbackpack:standard":1,"minecraft:copper_ingot":447,"gnumus:gnumus_pickaxe":2,"cataclysm:monstrous_helm":1,"minecraft:iron_pickaxe":3,"minecraft:gold_ingot":109,"minecraft:stone_shovel":1,"minecraft:iron_nugget":1,"travelersbackpack:blank_upgrade":8,"gnumus:vintage_bullet":64,"travelersbackpack:magma_cube":1,"travelersbackpack:white_sleeping_bag":1,"gnumus:lucky_hat_helmet":4,"minecraft:diamond_boots":2,"minecraft:redstone_block":56,"minecraft:dark_oak_planks":104,"minecraft:wheat":342,"gnumus:vintage_metal":18,"minecraft:wooden_axe":1,"minecraft:iron_shovel":1,"minecraft:iron_leggings":1,"minecraft:oak_planks":432,"minecraft:cooked_chicken":41,"travelersbackpack:hose_nozzle":1,"minecraft:green_dye":5,"minecraft:iron_boots":1,"tombstone:grave_key":1,"minecraft:chest":23,"minecraft:stone_hoe":1,"travelersbackpack:iron_tier_upgrade":1,"minecraft:crafting_table":8,"minecraft:spruce_planks":4,"minecraft:wooden_pickaxe":1,"minecraft:iron_helmet":1,"minecraft:birch_planks":168,"gnumus:hammer_vintage_universal_tool":1,"minecraft:paper":45,"minecraft:book":23,"minecraft:iron_chestplate":1,"minecraft:diamond_pickaxe":2,"minecraft:shield":1,"minecraft:stick":280,"minecraft:iron_ingot":175,"minecraft:shears":1,"cataclysm:bone_reptile_chestplate":1,"minecraft:cherry_planks":64,"gnumus:vintage_rifle":1,"minecraft:furnace":12,"minecraft:raw_copper_block":1,"minecraft:iron_hoe":4,"travelersbackpack:diamond_tier_upgrade":1,"travelersbackpack:hose":1,"minecraft:diamond_sword":1,"travelersbackpack:backpack_tank":7,"minecraft:iron_sword":4,"tombstone:ankh_of_pray":1,"minecraft:bucket":12,"minecraft:stone_axe":1,"minecraft:bread":100,"minecraft:air":0,"minecraft:oak_boat":1,"minecraft:white_wool":12,"minecraft:gold_nugget":18,"minecraft:torch":224,"minecraft:lapis_lazuli":27,"minecraft:diamond_chestplate":2},"minecraft:used":{"minecraft:writable_book":1,"minecraft:polished_blackstone":6,"minecraft:chest":18,"minecraft:stone":13,"travelersbackpack:diamond":3,"minecraft:azure_bluet":1,"minecraft:polished_blackstone_slab":2,"cataclysm:infernal_forge":6,"minecraft:lava_bucket":25,"minecraft:grass_block":1,"minecraft:birch_sapling":3,"gnumus:baked_gnumus_clay_stairs":1,"minecraft:cherry_leaves":3,"gnumus:vintage_gnumus_pickaxe":181,"minecraft:bow":3,"minecraft:sweet_berries":5,"minecraft:furnace":5,"minecraft:oak_sapling":42,"minecraft:egg":4,"gnumus:grilled_juicy_meat":36,"minecraft:mossy_stone_bricks":1,"minecraft:cactus":8,"minecraft:blackstone":11,"minecraft:wooden_pickaxe":7,"minecraft:cookie":5,"minecraft:golden_apple":15,"minecraft:glow_berries":11,"minecraft:sand":116,"gnumus:gnumus_cutlass":12,"minecraft:birch_fence":2,"minecraft:chiseled_sandstone":26,"minecraft:crying_obsidian":1,"gnumus:gnumus_chickpeas":118,"minecraft:diamond_sword":178,"cataclysm:sandstone_poison_dart_trap":1,"minecraft:birch_log":2,"minecraft:oak_boat":1,"gnumus:juicy_meat":5,"minecraft:iron_bars":1,"tombstone:scroll_of_frost_resistance":1,"minecraft:light_gray_carpet":1,"minecraft:netherrack":322,"minecraft:torch":298,"minecraft:brewing_stand":1,"tombstone:ankh_of_pray":1,"minecraft:flowering_azalea":1,"minecraft:iron_axe":96,"minecraft:melon_seeds":2,"minecraft:diamond_chestplate":3,"minecraft:raw_copper_block":1,"minecraft:beef":10,"travelersbackpack:hose":10,"tombstone:gift":7,"minecraft:cobbled_deepslate":139,"minecraft:pointed_dripstone":4,"gnumus:vintage_gnumus_cutlass":750,"minecraft:water_bucket":135,"minecraft:rabbit":10,"minecraft:birch_planks":27,"minecraft:bundle":1,"minecraft:smooth_sandstone_slab":20,"minecraft:polished_blackstone_bricks":7,"gnumus:hearty_dinner":1,"minecraft:bamboo_mosaic_stairs":1,"minecraft:mossy_cobblestone":3,"minecraft:rail":5,"minecraft:crafting_table":8,"minecraft:white_bed":1,"minecraft:cod":23,"minecraft:mud":1,"minecraft:diamond_pickaxe":1690,"minecraft:diamond_shovel":884,"minecraft:mangrove_propagule":1,"minecraft:iron_pickaxe":1439,"travelersbackpack:white_sleeping_bag":1,"minecraft:bamboo_slab":1,"minecraft:cobblestone":172,"travelersbackpack:standard":3,"minecraft:purple_bed":2,"minecraft:cooked_porkchop":1,"minecraft:porkchop":5,"minecraft:dandelion":1,"minecraft:diamond_leggings":1,"minecraft:cherry_sapling":14,"minecraft:iron_shovel":123,"minecraft:bone_block":2,"minecraft:decorated_pot":5,"minecraft:shield":69,"minecraft:iron_sword":974,"minecraft:smooth_sandstone_stairs":21,"minecraft:iron_chestplate":3,"tombstone:scroll_of_preservation":1,"minecraft:mutton":5,"minecraft:carrot":3,"minecraft:tuff":8,"minecraft:milk_bucket":2,"minecraft:coal_ore":1,"minecraft:iron_helmet":1,"minecraft:stone_bricks":4,"minecraft:magma_block":4,"minecraft:brown_carpet":1,"minecraft:hay_block":3,"minecraft:mangrove_roots":1,"minecraft:polished_blackstone_stairs":1,"cataclysm:monstrous_helm":1,"minecraft:diamond_boots":5,"minecraft:oak_planks":86,"minecraft:ender_pearl":20,"minecraft:sandstone":56,"minecraft:redstone_block":2,"minecraft:sugar_cane":88,"minecraft:white_wool":1,"gnumus:gnumus_pickaxe":4,"minecraft:dripstone_block":16,"minecraft:shears":3,"waystones:waystone":2,"minecraft:bread":131,"minecraft:string":10,"tombstone:grave_key":2,"minecraft:gravel":28,"tombstone:familiar_stone":4,"minecraft:grindstone":1,"minecraft:cooked_rabbit":19,"minecraft:andesite":28,"minecraft:azalea":2,"gnumus:hammer_vintage_universal_tool":2074,"minecraft:stone_shovel":33,"minecraft:redstone":22,"cataclysm:sandstone_ignite_trap":10,"minecraft:stone_hoe":80,"minecraft:cooked_chicken":41,"minecraft:dirt":626,"minecraft:spyglass":94,"minecraft:white_carpet":1,"minecraft:diamond_helmet":1,"cataclysm:sandstone_falling_trap":1,"minecraft:bee_nest":1,"minecraft:granite":30,"minecraft:iron_hoe":1000,"minecraft:stone_brick_slab":1,"minecraft:wooden_axe":60,"minecraft:dark_oak_planks":64,"minecraft:bookshelf":6,"minecraft:smooth_sandstone":113,"minecraft:iron_boots":4,"minecraft:golden_carrot":30,"minecraft:soul_soil":1,"minecraft:cooked_beef":5,"minecraft:brown_candle":1,"minecraft:iron_leggings":1,"tombstone:scroll_of_knowledge":3,"minecraft:amethyst_block":2,"minecraft:pink_tulip":1,"cataclysm:desert_eye":1,"minecraft:netherite_chestplate":1,"cataclysm:khopesh":8,"gnumus:overripe_carrot":28,"minecraft:cut_sandstone":4,"minecraft:green_bed":1,"minecraft:warped_roots":1,"minecraft:smooth_red_sandstone_stairs":1,"minecraft:warped_planks":1,"cataclysm:ancient_metal_block":1,"minecraft:apple":13,"minecraft:chicken":3,"minecraft:stone_axe":137,"minecraft:pink_petals":2,"gnumus:lucky_hat_helmet":4,"minecraft:bucket":168,"minecraft:purple_carpet":1,"minecraft:splash_potion":1},"minecraft:killed_by":{"minecraft:player":3,"minecraft:iron_golem":1,"cataclysm:ancient_remnant":1},"minecraft:killed":{"minecraft:cave_spider":5,"minecraft:skeleton":46,"minecraft:chicken":3,"cataclysm:kobolediator":2,"cataclysm:wadjet":1,"minecraft:salmon":7,"gnumus:big_snout":15,"minecraft:iron_golem":1,"cataclysm:ancient_remnant":1,"minecraft:zombie":44,"minecraft:cow":15,"minecraft:horse":2,"gnumus:gnumus_hunter":112,"cataclysm:koboleton":17,"gnumus:gnumus_hunter_not_dispawn":14,"minecraft:husk":17,"minecraft:rabbit":20,"minecraft:frog":2,"gnumus:gnumus_merchant":13,"minecraft:enderman":3,"minecraft:zombified_piglin":1,"minecraft:witch":1,"minecraft:spider":30,"cataclysm:netherite_monstrosity":1,"gnumus:pitcher_mousse":47,"minecraft:wolf":1,"minecraft:piglin":6,"minecraft:pig":17,"gnumus:gnumus_shaman":1,"minecraft:creeper":4,"gnumus:marsupial_mousse":15,"minecraft:sheep":4,"minecraft:phantom":4,"gnumus:gnumus_worker":12,"minecraft:llama":2,"minecraft:drowned":2,"minecraft:bat":2},"minecraft:dropped":{"minecraft:iron_sword":2,"minecraft:porkchop":12,"minecraft:cooked_beef":5,"gnumus:overripe_carrot":57,"minecraft:glass_bottle":1,"minecraft:diamond":43,"cataclysm:sandstone_ignite_trap":1,"minecraft:glow_berries":2,"minecraft:saddle":1,"minecraft:cut_sandstone_slab":2,"minecraft:dirt":59,"minecraft:grass":1,"gnumus:gnumus_claw":13,"minecraft:dark_oak_fence":1,"gnumus:business_hat_helmet":1,"minecraft:writable_book":1,"minecraft:gold_nugget":9,"cataclysm:ancient_metal_nugget":13,"minecraft:sand":10,"minecraft:polished_blackstone_slab":1,"gnumus:grilled_juicy_meat":3,"minecraft:white_wool":66,"minecraft:danger_pottery_sherd":6,"minecraft:bone":26,"minecraft:polished_blackstone_wall":3,"minecraft:sugar_cane":15,"minecraft:ancient_debris":15,"minecraft:iron_nugget":16,"minecraft:cooked_chicken":33,"minecraft:detector_rail":3,"minecraft:cobbled_deepslate":875,"minecraft:birch_sapling":8,"minecraft:wheat":5,"cataclysm:ancient_metal_block":1,"minecraft:rotten_flesh":14,"minecraft:oak_planks":1,"minecraft:glowstone_dust":2,"gnumus:vintage_bullet":12,"gnumus:vintage_rifle":2,"gnumus:juicy_meat":6,"minecraft:ladder":1,"minecraft:arms_up_pottery_sherd":1,"gnumus:gnumus_horn":4,"minecraft:snort_pottery_sherd":2,"gnumus:vintage_parts":3,"minecraft:beef":18,"cataclysm:infernal_forge":2,"minecraft:enchanted_book":3,"minecraft:wheat_seeds":39,"minecraft:mourner_pottery_sherd":2,"minecraft:dripstone_block":3,"minecraft:feather":18,"minecraft:cobblestone":226,"minecraft:granite":32,"minecraft:coal":21,"minecraft:golden_apple":1,"minecraft:polished_blackstone_stairs":3,"minecraft:golden_carrot":2,"minecraft:rabbit":9,"minecraft:smooth_sandstone_slab":2,"minecraft:smooth_sandstone":134,"minecraft:paper":11,"minecraft:string":78,"minecraft:trapped_chest":1,"cataclysm:khopesh":2,"minecraft:bowl":1,"gnumus:vintage_metal":1,"minecraft:blast_furnace":2,"minecraft:diamond_sword":1,"minecraft:diamond_pickaxe":1,"gnumus:gnumus_chickpeas":31,"minecraft:spider_eye":16,"minecraft:sandstone":150,"minecraft:bow":2,"minecraft:oak_log":5,"cataclysm:lionfish":1,"minecraft:dark_oak_sapling":1,"minecraft:leather":9,"gnumus:mouse_skin":4,"minecraft:polished_blackstone_brick_stairs":1,"minecraft:mutton":3,"minecraft:crimson_roots":2,"minecraft:cut_sandstone":2,"minecraft:gilded_blackstone":1,"minecraft:cauldron":1,"minecraft:gold_ingot":1,"minecraft:gravel":11,"minecraft:blackstone":1,"minecraft:spyglass":1,"minecraft:smooth_sandstone_stairs":19,"minecraft:pointed_dripstone":3,"gnumus:gnumus_doubloons":11,"minecraft:rabbit_hide":16,"minecraft:gunpowder":29,"minecraft:chest":4,"gnumus:vintage_gnumus_cutlass":1,"minecraft:basalt":1,"minecraft:arrow":30,"minecraft:powered_rail":3,"minecraft:quartz":34,"minecraft:netherrack":2736,"gnumus:lucky_hat_helmet":3,"minecraft:stone_hoe":1,"minecraft:bread":1,"minecraft:lilac":6,"minecraft:diamond_leggings":1,"minecraft:mangrove_propagule":1,"minecraft:copper_ingot":30,"minecraft:stick":11,"minecraft:diorite":70,"minecraft:torch":16,"minecraft:nether_wart_block":4,"gnumus:baked_patterned_gnumus_clay":2,"minecraft:pink_petals":2,"minecraft:chiseled_sandstone":82,"minecraft:smooth_basalt":1,"minecraft:redstone":26,"minecraft:blue_terracotta":1,"minecraft:sweet_berries":8,"travelersbackpack:diamond":2,"minecraft:tuff":48,"gnumus:gnumus_clay":93,"minecraft:diamond_chestplate":2,"minecraft:orange_terracotta":2,"gnumus:gnumus_pouch_2":4,"minecraft:iron_chestplate":1,"minecraft:andesite":10,"minecraft:oak_sapling":5,"minecraft:golden_sword":1,"gnumus:packaged_goods":5,"minecraft:diamond_boots":1,"gnumus:gnumus_cheese":2,"minecraft:raw_gold":1,"cataclysm:monstrous_horn":2},"minecraft:picked_up":{"minecraft:iron_chestplate":1,"minecraft:diamond_sword":1,"minecraft:lead":10,"minecraft:enchanted_book":10,"minecraft:brewing_stand":1,"minecraft:golden_sword":1,"minecraft:amethyst_block":9,"minecraft:polished_blackstone_brick_stairs":2,"minecraft:string":190,"minecraft:soul_soil":1,"minecraft:diamond_leggings":3,"minecraft:gold_nugget":54,"minecraft:cobbled_deepslate":2533,"minecraft:netherite_upgrade_smithing_template":1,"gnumus:vintage_gnumus_pickaxe":2,"minecraft:polished_blackstone_brick_slab":3,"minecraft:beehive":1,"minecraft:polished_blackstone_stairs":4,"minecraft:bamboo_slab":1,"minecraft:sandstone_wall":11,"cataclysm:kobolediator_skull":2,"minecraft:green_bed":1,"gnumus:lucky_hat_helmet":3,"minecraft:cherry_log":35,"cataclysm:music_disc_ancient_remnant":1,"minecraft:warped_planks":1,"minecraft:rabbit_foot":4,"minecraft:cauldron":1,"gnumus:wrapper_with_goods":18,"gnumus:vintage_metal":30,"minecraft:polished_basalt":1,"minecraft:white_terracotta":1,"minecraft:netherite_chestplate":1,"minecraft:iron_bars":1,"minecraft:snowball":3,"minecraft:birch_log":131,"minecraft:magma_block":36,"minecraft:feather":56,"minecraft:cooked_beef":10,"minecraft:cherry_leaves":3,"minecraft:brown_wool":1,"minecraft:flint":19,"minecraft:brown_candle":3,"gnumus:gnumus_pouch_2":115,"cataclysm:koboleton_bone":59,"minecraft:purple_carpet":1,"gnumus:vintage_rifle":2,"minecraft:diamond_helmet":2,"minecraft:rabbit":98,"minecraft:glowstone_dust":2,"minecraft:trapped_chest":1,"minecraft:dark_oak_log":40,"minecraft:bundle":1,"cataclysm:lionfish":1,"minecraft:blue_terracotta":1,"minecraft:writable_book":2,"cataclysm:sandstone_falling_trap":3,"minecraft:granite":124,"minecraft:golden_horse_armor":1,"minecraft:bread":84,"minecraft:light_gray_carpet":1,"minecraft:dark_oak_fence":1,"minecraft:diamond_pickaxe":3,"minecraft:crimson_roots":3,"minecraft:mud":1,"minecraft:crafting_table":1,"minecraft:bee_nest":1,"minecraft:mourner_pottery_sherd":2,"gnumus:business_hat_helmet":2,"gnumus:vintage_bullet":8,"minecraft:white_carpet":2,"minecraft:polished_blackstone_wall":3,"gnumus:hammer_vintage_universal_tool":2,"minecraft:beef":65,"minecraft:iron_nugget":15,"minecraft:poppy":2,"minecraft:chest":7,"minecraft:birch_sapling":30,"minecraft:egg":5,"minecraft:sandstone":206,"minecraft:stone":13,"gnumus:juicy_meat":92,"minecraft:carrot":2,"minecraft:redstone":637,"minecraft:diamond_chestplate":3,"minecraft:stone_shovel":1,"minecraft:decorated_pot":6,"minecraft:diamond_boots":3,"minecraft:hay_block":53,"minecraft:yellow_terracotta":12,"minecraft:gold_ingot":10,"minecraft:polished_blackstone":7,"gnumus:mouse_skin":380,"minecraft:glow_berries":78,"minecraft:mutton":55,"minecraft:rail":5,"minecraft:white_wool":69,"minecraft:bone_block":2,"minecraft:smooth_red_sandstone_stairs":1,"gnumus:baked_patterned_gnumus_clay":2,"minecraft:tripwire_hook":3,"minecraft:blackstone_slab":5,"gnumus:gnumus_pouch":93,"minecraft:oak_log":355,"minecraft:ancient_debris":26,"minecraft:paper":325,"minecraft:apple":60,"minecraft:stone_bricks":4,"minecraft:glass_bottle":1,"minecraft:arms_up_pottery_sherd":1,"minecraft:iron_sword":4,"minecraft:flowering_azalea":1,"minecraft:smooth_basalt":1,"minecraft:sweet_berries":38,"minecraft:spyglass":7,"minecraft:gravel":152,"gnumus:gnumus_cheese":42,"minecraft:spruce_sapling":1,"minecraft:spruce_log":1,"cataclysm:ancient_metal_block":2,"minecraft:crying_obsidian":1,"travelersbackpack:standard":2,"minecraft:diamond_shovel":2,"minecraft:coal_ore":1,"minecraft:purple_bed":2,"minecraft:snort_pottery_sherd":2,"minecraft:warped_roots":1,"minecraft:polished_blackstone_brick_wall":2,"cataclysm:sandstone_poison_dart_trap":1,"minecraft:melon_seeds":2,"minecraft:mangrove_propagule":2,"minecraft:ender_pearl":44,"minecraft:wheat":24,"minecraft:redstone_block":2,"cataclysm:monstrous_horn":3,"gnumus:gnumus_claw":325,"minecraft:gilded_blackstone":1,"travelersbackpack:diamond":3,"minecraft:raw_copper":787,"minecraft:iron_leggings":2,"minecraft:bucket":2,"gnumus:packaged_goods":232,"minecraft:rose_bush":2,"minecraft:calcite":11,"minecraft:azalea":2,"cataclysm:khopesh":5,"minecraft:iron_pickaxe":2,"minecraft:bamboo_mosaic_stairs":9,"minecraft:iron_boots":2,"minecraft:furnace":2,"minecraft:stick":64,"minecraft:brown_terracotta":14,"minecraft:torch":98,"minecraft:porkchop":33,"tombstone:grave_dust":8,"minecraft:pointed_dripstone":7,"minecraft:diorite":87,"gnumus:grilled_juicy_meat":32,"minecraft:cactus":48,"minecraft:rotten_flesh":96,"gnumus:gnumus_chickpeas":343,"minecraft:mangrove_roots":1,"minecraft:obsidian":2,"minecraft:cod":75,"minecraft:cobblestone":976,"minecraft:pink_petals":7,"gnumus:gnumus_doubloons":203,"minecraft:lilac":6,"minecraft:magma_cream":6,"minecraft:andesite":44,"gnumus:overripe_carrot":198,"minecraft:golden_leggings":1,"minecraft:tuff":154,"minecraft:smooth_sandstone_stairs":121,"minecraft:danger_pottery_sherd":6,"minecraft:dirt":1881,"minecraft:lapis_lazuli":112,"minecraft:cut_sandstone_slab":3,"minecraft:name_tag":15,"minecraft:bone":120,"minecraft:bow":2,"minecraft:wheat_seeds":106,"minecraft:raw_gold":82,"minecraft:grindstone":1,"minecraft:mossy_stone_bricks":1,"minecraft:powered_rail":3,"minecraft:oak_planks":18,"gnumus:baked_gnumus_clay_stairs":1,"minecraft:cooked_porkchop":1,"minecraft:polished_blackstone_slab":3,"minecraft:sand":164,"minecraft:grass_block":1,"minecraft:chiseled_sandstone":136,"minecraft:mossy_cobblestone":3,"travelersbackpack:white_sleeping_bag":1,"minecraft:light_gray_terracotta":1,"minecraft:diamond":135,"gnumus:vintage_parts":21,"minecraft:netherite_helmet":1,"gnumus:gnumus_clay":503,"waystones:waystone":3,"minecraft:cracked_polished_blackstone_bricks":5,"minecraft:grass":1,"minecraft:golden_apple":5,"cataclysm:ancient_metal_nugget":17,"minecraft:emerald":92,"cataclysm:sandstone_ignite_trap":11,"minecraft:oak_sapling":86,"minecraft:netherrack":3239,"minecraft:charcoal":2,"gnumus:gnumus_totem":5,"minecraft:azure_bluet":1,"minecraft:chicken":61,"minecraft:ladder":1,"minecraft:gold_block":3,"minecraft:cooked_rabbit":3,"minecraft:shield":5,"minecraft:birch_fence":2,"minecraft:blackstone":121,"minecraft:detector_rail":3,"minecraft:sugar_cane":386,"minecraft:phantom_membrane":7,"minecraft:dark_oak_sapling":3,"minecraft:raw_iron":181,"minecraft:copper_ingot":30,"minecraft:polished_blackstone_bricks":87,"minecraft:cookie":5,"minecraft:iron_horse_armor":1,"minecraft:dark_oak_planks":9,"minecraft:smooth_sandstone_slab":24,"minecraft:arrow":52,"minecraft:pink_tulip":1,"minecraft:saddle":1,"gnumus:gnumus_pouch_3":2,"minecraft:basalt":201,"minecraft:golden_carrot":39,"minecraft:salmon":4,"minecraft:cut_sandstone":6,"minecraft:leather":154,"minecraft:birch_planks":2,"minecraft:nether_wart_block":5,"minecraft:gunpowder":26,"minecraft:orange_terracotta":8,"minecraft:smooth_sandstone":480,"cataclysm:infernal_forge":2,"gnumus:gnumus_horn":22,"cataclysm:sandstorm_in_a_bottle":3,"minecraft:rabbit_hide":37,"minecraft:heart_of_the_sea":4,"minecraft:iron_ingot":35,"minecraft:cooked_chicken":37,"minecraft:book":38,"minecraft:stone_brick_slab":1,"minecraft:quartz":120,"minecraft:dandelion":1,"minecraft:dripstone_block":79,"minecraft:raw_iron_block":4,"cataclysm:desert_eye":2,"minecraft:amethyst_shard":9,"cataclysm:remnant_skull":1,"minecraft:blast_furnace":3,"minecraft:white_bed":1,"minecraft:spider_eye":25,"minecraft:pumpkin_seeds":4,"minecraft:iron_helmet":1,"cataclysm:ancient_metal_ingot":12,"minecraft:cherry_sapling":22,"minecraft:terracotta":7,"tombstone:magic_scroll":3,"gnumus:vintage_gnumus_cutlass":3,"minecraft:coal":224},"minecraft:custom":{"minecraft:interact_with_crafting_table":119,"minecraft:open_barrel":9,"minecraft:bell_ring":6,"minecraft:leave_game":9,"minecraft:time_since_death":16179,"minecraft:damage_blocked_by_shield":5852,"minecraft:play_time":995525,"minecraft:deaths":7,"minecraft:jump":17555,"tombstone:kill_undead_boss":1,"minecraft:enchant_item":36,"minecraft:interact_with_furnace":204,"minecraft:interact_with_cartography_table":1,"minecraft:sleep_in_bed":18,"minecraft:waystone_activated":11,"minecraft:damage_dealt":109190,"tombstone:undead_killed":45,"minecraft:interact_with_smoker":4,"minecraft:use_cauldron":11,"minecraft:horse_one_cm":198427,"minecraft:interact_with_smithing_table":14,"minecraft:interact_with_anvil":11,"minecraft:sneak_time":34812,"minecraft:interact_with_blast_furnace":36,"minecraft:total_world_time":995525,"tombstone:raider_killed":4,"minecraft:interact_with_stonecutter":6,"minecraft:time_since_rest":15978,"tombstone:cast_on_ally":3,"minecraft:swim_one_cm":70026,"minecraft:fly_one_cm":3597796,"minecraft:open_chest":1238,"minecraft:fall_one_cm":475292,"minecraft:sprint_one_cm":2993969,"minecraft:drop":416,"minecraft:talked_to_villager":6,"minecraft:interact_with_brewingstand":5,"minecraft:walk_on_water_one_cm":72400,"minecraft:player_kills":3,"minecraft:crouch_one_cm":98342,"minecraft:mob_kills":499,"minecraft:interact_with_campfire":7,"minecraft:damage_dealt_resisted":932,"minecraft:climb_one_cm":4465,"minecraft:walk_one_cm":2211675,"minecraft:walk_under_water_one_cm":30044,"minecraft:interact_with_grindstone":13,"minecraft:damage_taken":20581,"minecraft:damage_absorbed":300,"minecraft:trigger_trapped_chest":4}},"DataVersion":3465}