{"stats":{"minecraft:broken":{"gnumus:lucky_hat_helmet":1,"minecraft:iron_boots":1,"gnumus:gnumus_cutlass":1,"minecraft:stone_axe":1,"minecraft:iron_sword":3,"minecraft:iron_hoe":4,"minecraft:iron_axe":1,"minecraft:iron_pickaxe":3,"minecraft:iron_helmet":1,"gnumus:gnumus_pickaxe":1},"minecraft:mined":{"minecraft:dark_oak_planks":10,"minecraft:cherry_log":23,"minecraft:sculk_vein":73,"minecraft:brewing_stand":1,"minecraft:budding_amethyst":3,"minecraft:granite":75,"minecraft:grass_block":427,"gnumus:baked_patterned_gnumus_clay":2,"minecraft:spawner":7,"minecraft:magma_block":2,"minecraft:sculk_catalyst":4,"minecraft:glowstone":1,"minecraft:iron_ore":13,"minecraft:fire":2,"minecraft:cobbled_deepslate":11,"minecraft:deepslate_lapis_ore":3,"minecraft:azure_bluet":1,"minecraft:pointed_dripstone":3,"minecraft:flowering_azalea_leaves":5,"minecraft:dirt_path":4,"minecraft:iron_bars":1,"minecraft:purple_carpet":2,"minecraft:pink_tulip":1,"minecraft:azalea":3,"minecraft:green_bed":1,"minecraft:deepslate_redstone_ore":36,"minecraft:amethyst_cluster":1,"minecraft:orange_terracotta":6,"minecraft:torch":12,"minecraft:light_gray_terracotta":1,"minecraft:blast_furnace":1,"minecraft:poppy":1,"minecraft:calcite":3,"minecraft:chest":8,"minecraft:dead_bush":2,"minecraft:cobblestone":4,"minecraft:oak_planks":7,"minecraft:sugar_cane":240,"minecraft:grindstone":1,"gnumus:gnumus_clay_brick":1,"minecraft:wall_torch":14,"minecraft:amethyst_block":11,"minecraft:deepslate_copper_ore":1,"minecraft:pink_petals":3,"minecraft:white_terracotta":1,"gnumus:gnumus_clay_block":2,"minecraft:mud":1,"minecraft:birch_log":156,"minecraft:wheat":9,"minecraft:lilac":1,"minecraft:grass":17,"minecraft:oak_log":283,"gnumus:baked_gnumus_clay_stairs":1,"minecraft:sand":51,"minecraft:dirt":762,"minecraft:smooth_basalt":16,"minecraft:brown_candle":2,"minecraft:oak_leaves":58,"minecraft:deepslate":1382,"minecraft:yellow_terracotta":12,"minecraft:diamond_ore":1,"minecraft:tuff":129,"minecraft:mossy_cobblestone":2,"minecraft:dark_oak_leaves":2,"minecraft:deepslate_diamond_ore":32,"minecraft:cherry_sapling":1,"minecraft:dark_oak_log":42,"minecraft:mangrove_roots":1,"minecraft:glow_lichen":2,"minecraft:dark_oak_fence":1,"travelersbackpack:white_sleeping_bag":1,"minecraft:spruce_leaves":18,"minecraft:sandstone":20,"minecraft:moss_block":1,"minecraft:mangrove_propagule":1,"minecraft:large_fern":9,"minecraft:hay_block":53,"gnumus:scion_weed":1,"minecraft:furnace":1,"minecraft:andesite":36,"minecraft:gold_block":2,"minecraft:white_glazed_terracotta":2,"minecraft:bookshelf":6,"minecraft:deepslate_iron_ore":27,"gnumus:fragile_gnumus_jug":24,"minecraft:stone":413,"minecraft:light_gray_carpet":1,"minecraft:flowering_azalea":1,"minecraft:dandelion":1,"minecraft:crafting_table":1,"minecraft:sculk_sensor":5,"minecraft:copper_ore":11,"minecraft:deepslate_coal_ore":1,"minecraft:deepslate_gold_ore":17,"minecraft:sculk":1023,"minecraft:diorite":39,"minecraft:purple_bed":2,"minecraft:cactus":20,"minecraft:coarse_dirt":1,"minecraft:birch_leaves":17,"minecraft:white_carpet":1,"minecraft:ice":11,"minecraft:spruce_log":1,"minecraft:bee_nest":1,"minecraft:mangrove_leaves":1,"minecraft:coal_ore":14,"minecraft:cherry_leaves":4,"minecraft:gravel":38,"minecraft:dripstone_block":7,"minecraft:cobweb":21,"minecraft:brown_terracotta":14,"minecraft:terracotta":9,"minecraft:gold_ore":4,"minecraft:birch_fence":2,"minecraft:fern":1},"minecraft:crafted":{"minecraft:oak_planks":432,"gnumus:grilled_juicy_meat":51,"travelersbackpack:crafting_upgrade":1,"minecraft:cooked_chicken":41,"travelersbackpack:hose_nozzle":1,"minecraft:diamond_shovel":1,"minecraft:bookshelf":6,"minecraft:green_dye":5,"gnumus:vintage_charger":2,"minecraft:glass":49,"minecraft:diamond_helmet":1,"minecraft:diamond_leggings":2,"minecraft:iron_boots":1,"gnumus:vintage_alloy_ingot":11,"minecraft:chest":23,"gnumus:pileof_gnumus_doubloons":7,"minecraft:stone_hoe":1,"minecraft:cooked_rabbit":22,"travelersbackpack:iron_tier_upgrade":1,"gnumus:gnumus_cutlass":3,"minecraft:crafting_table":8,"minecraft:spruce_planks":4,"travelersbackpack:standard":1,"minecraft:wooden_pickaxe":1,"minecraft:iron_helmet":1,"minecraft:copper_ingot":447,"minecraft:birch_planks":168,"gnumus:hammer_vintage_universal_tool":1,"gnumus:gnumus_pickaxe":2,"minecraft:iron_chestplate":1,"minecraft:book":23,"minecraft:paper":45,"minecraft:diamond_pickaxe":2,"minecraft:shield":1,"minecraft:stick":280,"minecraft:iron_ingot":160,"minecraft:iron_pickaxe":3,"minecraft:gold_ingot":109,"minecraft:shears":1,"minecraft:cherry_planks":64,"minecraft:stone_shovel":1,"minecraft:iron_nugget":1,"gnumus:vintage_rifle":1,"minecraft:furnace":12,"minecraft:raw_copper_block":1,"travelersbackpack:blank_upgrade":8,"gnumus:vintage_bullet":16,"travelersbackpack:magma_cube":1,"travelersbackpack:white_sleeping_bag":1,"gnumus:lucky_hat_helmet":4,"minecraft:iron_hoe":4,"minecraft:diamond_boots":2,"minecraft:redstone_block":56,"minecraft:dark_oak_planks":104,"travelersbackpack:diamond_tier_upgrade":1,"minecraft:wheat":342,"travelersbackpack:hose":1,"minecraft:diamond_sword":1,"travelersbackpack:backpack_tank":7,"minecraft:iron_sword":4,"tombstone:ankh_of_pray":1,"minecraft:bucket":10,"minecraft:stone_axe":1,"minecraft:bread":100,"minecraft:air":0,"gnumus:vintage_metal":12,"minecraft:oak_boat":1,"minecraft:white_wool":12,"minecraft:gold_nugget":18,"minecraft:wooden_axe":1,"minecraft:iron_shovel":1,"minecraft:iron_leggings":1,"minecraft:torch":224,"minecraft:lapis_lazuli":27,"minecraft:diamond_chestplate":2},"minecraft:used":{"minecraft:cherry_sapling":14,"minecraft:iron_shovel":123,"minecraft:shield":31,"minecraft:chest":17,"minecraft:iron_sword":974,"minecraft:stone":13,"travelersbackpack:diamond":3,"minecraft:iron_chestplate":3,"tombstone:scroll_of_preservation":1,"minecraft:mutton":5,"minecraft:carrot":3,"minecraft:tuff":8,"minecraft:azure_bluet":1,"minecraft:milk_bucket":2,"minecraft:lava_bucket":17,"minecraft:coal_ore":1,"minecraft:birch_sapling":3,"minecraft:iron_helmet":1,"gnumus:baked_gnumus_clay_stairs":1,"minecraft:cherry_leaves":3,"gnumus:vintage_gnumus_pickaxe":150,"minecraft:magma_block":2,"minecraft:brown_carpet":1,"minecraft:bow":3,"minecraft:hay_block":3,"minecraft:sweet_berries":5,"minecraft:mangrove_roots":1,"minecraft:oak_sapling":42,"minecraft:furnace":5,"minecraft:egg":2,"gnumus:grilled_juicy_meat":17,"minecraft:diamond_boots":4,"minecraft:oak_planks":86,"minecraft:cactus":8,"minecraft:ender_pearl":17,"minecraft:wooden_pickaxe":7,"minecraft:sandstone":31,"minecraft:cookie":5,"minecraft:sugar_cane":86,"minecraft:golden_apple":7,"minecraft:white_wool":1,"minecraft:glow_berries":8,"minecraft:sand":96,"gnumus:gnumus_cutlass":12,"gnumus:gnumus_pickaxe":4,"minecraft:shears":3,"minecraft:dripstone_block":16,"minecraft:birch_fence":2,"gnumus:gnumus_chickpeas":113,"minecraft:string":5,"minecraft:bread":130,"minecraft:grindstone":1,"minecraft:cooked_rabbit":19,"minecraft:andesite":28,"minecraft:birch_log":2,"minecraft:oak_boat":1,"gnumus:juicy_meat":5,"minecraft:azalea":2,"gnumus:hammer_vintage_universal_tool":1022,"minecraft:iron_bars":1,"tombstone:scroll_of_frost_resistance":1,"minecraft:stone_shovel":33,"minecraft:redstone":22,"minecraft:light_gray_carpet":1,"minecraft:stone_hoe":80,"minecraft:cooked_chicken":21,"minecraft:torch":298,"minecraft:brewing_stand":1,"minecraft:dirt":626,"minecraft:spyglass":94,"minecraft:white_carpet":1,"minecraft:diamond_helmet":1,"minecraft:granite":30,"minecraft:iron_hoe":1000,"minecraft:dark_oak_planks":64,"minecraft:wooden_axe":60,"tombstone:ankh_of_pray":1,"minecraft:flowering_azalea":1,"minecraft:bookshelf":6,"minecraft:iron_axe":96,"minecraft:iron_boots":4,"minecraft:melon_seeds":2,"minecraft:diamond_chestplate":3,"minecraft:raw_copper_block":1,"minecraft:golden_carrot":24,"minecraft:beef":7,"travelersbackpack:hose":9,"tombstone:gift":3,"minecraft:pointed_dripstone":4,"minecraft:brown_candle":1,"minecraft:cobbled_deepslate":139,"minecraft:iron_leggings":1,"gnumus:vintage_gnumus_cutlass":540,"minecraft:water_bucket":135,"tombstone:scroll_of_knowledge":3,"minecraft:pink_tulip":1,"minecraft:amethyst_block":2,"minecraft:rabbit":10,"minecraft:birch_planks":27,"gnumus:overripe_carrot":26,"minecraft:green_bed":1,"minecraft:warped_roots":1,"gnumus:hearty_dinner":1,"minecraft:mossy_cobblestone":3,"minecraft:rail":5,"minecraft:crafting_table":8,"minecraft:white_bed":1,"minecraft:cod":19,"minecraft:mud":1,"minecraft:diamond_pickaxe":462,"minecraft:apple":13,"minecraft:diamond_shovel":867,"minecraft:chicken":3,"minecraft:iron_pickaxe":1439,"minecraft:mangrove_propagule":1,"travelersbackpack:white_sleeping_bag":1,"minecraft:stone_axe":137,"minecraft:pink_petals":2,"minecraft:cobblestone":172,"minecraft:purple_bed":2,"minecraft:porkchop":5,"minecraft:cooked_porkchop":1,"gnumus:lucky_hat_helmet":4,"minecraft:bucket":158,"minecraft:dandelion":1,"minecraft:diamond_leggings":1,"minecraft:splash_potion":1,"minecraft:purple_carpet":1},"minecraft:killed_by":{"minecraft:player":2,"minecraft:iron_golem":1},"minecraft:killed":{"minecraft:cave_spider":5,"minecraft:zombified_piglin":1,"minecraft:witch":1,"minecraft:spider":22,"minecraft:skeleton":41,"minecraft:chicken":3,"gnumus:pitcher_mousse":47,"minecraft:wolf":1,"minecraft:pig":12,"gnumus:gnumus_shaman":1,"minecraft:salmon":7,"gnumus:big_snout":11,"minecraft:iron_golem":1,"minecraft:creeper":3,"gnumus:marsupial_mousse":15,"minecraft:sheep":4,"minecraft:zombie":36,"minecraft:cow":11,"minecraft:phantom":4,"gnumus:gnumus_worker":10,"gnumus:gnumus_hunter":110,"minecraft:drowned":2,"gnumus:gnumus_hunter_not_dispawn":10,"minecraft:husk":15,"minecraft:rabbit":16,"minecraft:bat":2,"minecraft:frog":2,"gnumus:gnumus_merchant":8,"minecraft:enderman":2},"minecraft:dropped":{"minecraft:iron_sword":2,"gnumus:overripe_carrot":28,"minecraft:oak_log":5,"minecraft:glass_bottle":1,"minecraft:diamond":16,"cataclysm:lionfish":1,"minecraft:dark_oak_sapling":1,"minecraft:glow_berries":2,"gnumus:mouse_skin":4,"minecraft:dirt":42,"minecraft:grass":1,"gnumus:gnumus_claw":4,"gnumus:business_hat_helmet":1,"minecraft:gold_nugget":9,"gnumus:grilled_juicy_meat":3,"minecraft:white_wool":3,"minecraft:gold_ingot":1,"minecraft:bone":19,"minecraft:gravel":11,"minecraft:sugar_cane":15,"minecraft:spyglass":1,"minecraft:iron_nugget":16,"minecraft:detector_rail":3,"minecraft:cobbled_deepslate":875,"minecraft:wheat":5,"minecraft:birch_sapling":8,"minecraft:pointed_dripstone":3,"minecraft:rotten_flesh":12,"minecraft:oak_planks":1,"minecraft:glowstone_dust":2,"gnumus:vintage_bullet":12,"gnumus:gnumus_doubloons":11,"minecraft:rabbit_hide":6,"gnumus:vintage_rifle":2,"minecraft:gunpowder":5,"gnumus:juicy_meat":6,"minecraft:chest":2,"gnumus:gnumus_horn":2,"gnumus:vintage_gnumus_cutlass":1,"minecraft:arrow":21,"minecraft:beef":4,"minecraft:powered_rail":3,"gnumus:vintage_parts":3,"minecraft:quartz":27,"gnumus:lucky_hat_helmet":3,"minecraft:bread":1,"minecraft:stone_hoe":1,"minecraft:wheat_seeds":37,"minecraft:lilac":1,"minecraft:dripstone_block":3,"minecraft:diamond_leggings":1,"minecraft:mangrove_propagule":1,"minecraft:feather":18,"minecraft:cobblestone":226,"minecraft:granite":32,"minecraft:coal":8,"minecraft:stick":10,"minecraft:diorite":70,"minecraft:torch":16,"minecraft:rabbit":5,"gnumus:baked_patterned_gnumus_clay":2,"minecraft:string":55,"minecraft:paper":4,"minecraft:redstone":26,"minecraft:smooth_basalt":1,"minecraft:sweet_berries":6,"travelersbackpack:diamond":2,"minecraft:bowl":1,"gnumus:vintage_metal":1,"minecraft:tuff":48,"gnumus:gnumus_clay":83,"minecraft:diamond_chestplate":1,"minecraft:diamond_pickaxe":1,"minecraft:iron_chestplate":1,"minecraft:andesite":10,"gnumus:gnumus_chickpeas":31,"minecraft:oak_sapling":4,"gnumus:packaged_goods":5,"minecraft:spider_eye":9,"minecraft:diamond_boots":1,"minecraft:sandstone":117,"minecraft:bow":2,"gnumus:gnumus_cheese":2},"minecraft:picked_up":{"minecraft:iron_chestplate":1,"minecraft:wheat":17,"gnumus:gnumus_claw":315,"minecraft:lead":10,"minecraft:enchanted_book":4,"minecraft:brewing_stand":1,"minecraft:amethyst_block":9,"minecraft:string":143,"minecraft:raw_copper":787,"travelersbackpack:diamond":3,"minecraft:iron_leggings":2,"minecraft:diamond_leggings":3,"minecraft:gold_nugget":1,"minecraft:cobbled_deepslate":2533,"minecraft:bucket":2,"gnumus:packaged_goods":223,"minecraft:rose_bush":2,"minecraft:calcite":11,"minecraft:azalea":2,"minecraft:iron_pickaxe":2,"minecraft:iron_boots":2,"minecraft:furnace":2,"gnumus:vintage_gnumus_pickaxe":2,"minecraft:stick":63,"minecraft:brown_terracotta":14,"minecraft:torch":98,"minecraft:green_bed":1,"gnumus:lucky_hat_helmet":3,"minecraft:porkchop":26,"minecraft:cherry_log":35,"minecraft:pointed_dripstone":7,"tombstone:grave_dust":1,"minecraft:diorite":87,"gnumus:grilled_juicy_meat":29,"minecraft:rabbit_foot":4,"gnumus:wrapper_with_goods":17,"gnumus:vintage_metal":29,"minecraft:cactus":48,"minecraft:rotten_flesh":72,"gnumus:gnumus_chickpeas":333,"minecraft:mangrove_roots":1,"minecraft:white_terracotta":1,"minecraft:iron_bars":1,"minecraft:cod":68,"minecraft:snowball":3,"minecraft:cobblestone":973,"minecraft:birch_log":131,"minecraft:pink_petals":5,"minecraft:magma_block":2,"gnumus:gnumus_doubloons":186,"minecraft:feather":56,"minecraft:lilac":1,"minecraft:magma_cream":6,"minecraft:cherry_leaves":3,"minecraft:andesite":44,"gnumus:overripe_carrot":185,"minecraft:brown_wool":1,"minecraft:flint":8,"minecraft:tuff":154,"minecraft:lapis_lazuli":112,"minecraft:dirt":1876,"minecraft:brown_candle":3,"gnumus:gnumus_pouch_2":104,"minecraft:name_tag":10,"minecraft:purple_carpet":1,"minecraft:bone":99,"minecraft:bow":2,"minecraft:wheat_seeds":104,"gnumus:vintage_rifle":2,"minecraft:raw_gold":81,"minecraft:grindstone":1,"minecraft:rabbit":89,"minecraft:diamond_helmet":2,"minecraft:glowstone_dust":2,"minecraft:powered_rail":3,"minecraft:oak_planks":18,"gnumus:baked_gnumus_clay_stairs":1,"minecraft:cooked_porkchop":1,"minecraft:sand":140,"minecraft:dark_oak_log":40,"minecraft:mossy_cobblestone":3,"travelersbackpack:white_sleeping_bag":1,"cataclysm:lionfish":1,"minecraft:light_gray_terracotta":1,"gnumus:vintage_parts":18,"minecraft:diamond":125,"gnumus:gnumus_clay":482,"waystones:waystone":2,"minecraft:granite":124,"minecraft:grass":1,"minecraft:golden_apple":5,"minecraft:emerald":86,"minecraft:bread":81,"minecraft:bee_nest":1,"minecraft:oak_sapling":85,"minecraft:light_gray_carpet":1,"minecraft:netherrack":6,"minecraft:dark_oak_fence":1,"minecraft:diamond_pickaxe":3,"minecraft:mud":1,"gnumus:gnumus_totem":4,"minecraft:crafting_table":1,"minecraft:azure_bluet":1,"minecraft:chicken":55,"gnumus:business_hat_helmet":2,"minecraft:cooked_rabbit":3,"minecraft:gold_block":2,"minecraft:shield":1,"gnumus:vintage_bullet":8,"minecraft:white_carpet":2,"minecraft:birch_fence":2,"minecraft:blackstone":57,"minecraft:detector_rail":3,"gnumus:hammer_vintage_universal_tool":2,"minecraft:beef":34,"minecraft:iron_nugget":15,"minecraft:poppy":2,"minecraft:sugar_cane":384,"minecraft:chest":2,"minecraft:birch_sapling":30,"minecraft:phantom_membrane":7,"minecraft:egg":3,"minecraft:dark_oak_sapling":3,"minecraft:raw_iron":181,"minecraft:sandstone":148,"minecraft:stone":13,"gnumus:juicy_meat":75,"minecraft:cookie":5,"minecraft:carrot":2,"minecraft:redstone":637,"minecraft:dark_oak_planks":9,"minecraft:arrow":46,"minecraft:stone_shovel":1,"minecraft:diamond_chestplate":3,"minecraft:diamond_boots":3,"minecraft:hay_block":53,"minecraft:yellow_terracotta":12,"minecraft:pink_tulip":1,"minecraft:gold_ingot":10,"gnumus:gnumus_pouch_3":2,"gnumus:mouse_skin":364,"minecraft:glow_berries":75,"minecraft:mutton":52,"minecraft:white_wool":6,"minecraft:rail":5,"minecraft:basalt":200,"gnumus:baked_patterned_gnumus_clay":2,"minecraft:golden_carrot":33,"minecraft:salmon":4,"minecraft:leather":137,"gnumus:gnumus_pouch":90,"minecraft:birch_planks":2,"minecraft:oak_log":355,"minecraft:gunpowder":6,"minecraft:paper":299,"minecraft:orange_terracotta":6,"minecraft:apple":60,"gnumus:gnumus_horn":20,"minecraft:rabbit_hide":27,"minecraft:heart_of_the_sea":4,"minecraft:iron_ingot":35,"minecraft:cooked_chicken":9,"minecraft:glass_bottle":1,"minecraft:iron_sword":3,"minecraft:flowering_azalea":1,"minecraft:book":30,"minecraft:smooth_basalt":1,"minecraft:sweet_berries":36,"minecraft:dandelion":1,"minecraft:quartz":27,"minecraft:raw_iron_block":4,"minecraft:spyglass":7,"minecraft:dripstone_block":79,"minecraft:gravel":67,"minecraft:amethyst_shard":9,"gnumus:gnumus_cheese":39,"minecraft:spruce_sapling":1,"minecraft:blast_furnace":1,"minecraft:white_bed":1,"minecraft:spruce_log":1,"minecraft:spider_eye":17,"minecraft:diamond_shovel":2,"minecraft:coal_ore":1,"minecraft:purple_bed":2,"minecraft:iron_helmet":1,"minecraft:cherry_sapling":22,"minecraft:warped_roots":1,"minecraft:terracotta":7,"tombstone:magic_scroll":1,"minecraft:melon_seeds":2,"gnumus:vintage_gnumus_cutlass":3,"minecraft:coal":217,"minecraft:mangrove_propagule":2,"minecraft:ender_pearl":39},"minecraft:custom":{"minecraft:interact_with_crafting_table":109,"minecraft:open_barrel":9,"minecraft:bell_ring":6,"minecraft:leave_game":8,"minecraft:time_since_death":174694,"minecraft:sprint_one_cm":2451156,"minecraft:damage_blocked_by_shield":2740,"minecraft:drop":222,"minecraft:talked_to_villager":6,"minecraft:play_time":786824,"minecraft:deaths":5,"minecraft:jump":14330,"minecraft:interact_with_brewingstand":5,"minecraft:walk_on_water_one_cm":60590,"minecraft:enchant_item":33,"minecraft:interact_with_furnace":173,"minecraft:sleep_in_bed":18,"minecraft:waystone_activated":6,"minecraft:damage_dealt":82376,"minecraft:player_kills":3,"minecraft:crouch_one_cm":58772,"tombstone:undead_killed":9,"minecraft:interact_with_smoker":4,"minecraft:use_cauldron":9,"minecraft:horse_one_cm":176108,"minecraft:interact_with_smithing_table":8,"minecraft:interact_with_anvil":8,"minecraft:mob_kills":412,"minecraft:interact_with_campfire":7,"minecraft:damage_dealt_resisted":932,"minecraft:climb_one_cm":3544,"minecraft:walk_one_cm":1700017,"minecraft:sneak_time":20649,"minecraft:walk_under_water_one_cm":25403,"minecraft:interact_with_blast_furnace":31,"minecraft:total_world_time":786824,"tombstone:raider_killed":4,"minecraft:interact_with_grindstone":13,"minecraft:interact_with_stonecutter":4,"minecraft:time_since_rest":23354,"minecraft:damage_taken":14605,"minecraft:damage_absorbed":101,"tombstone:cast_on_ally":0,"minecraft:swim_one_cm":58882,"minecraft:fly_one_cm":3035944,"minecraft:open_chest":1052,"minecraft:fall_one_cm":378949}},"DataVersion":3465}