{"stats":{"minecraft:broken":{"gnumus:lucky_hat_helmet":1,"minecraft:iron_boots":1,"gnumus:gnumus_cutlass":1,"minecraft:stone_axe":1,"minecraft:iron_sword":3,"minecraft:iron_hoe":4,"minecraft:iron_axe":1,"minecraft:iron_pickaxe":3,"minecraft:iron_helmet":1,"gnumus:gnumus_pickaxe":1},"minecraft:mined":{"minecraft:dark_oak_planks":10,"minecraft:cherry_log":23,"minecraft:sculk_vein":73,"minecraft:brewing_stand":1,"minecraft:budding_amethyst":3,"minecraft:granite":75,"minecraft:grass_block":414,"gnumus:baked_patterned_gnumus_clay":2,"minecraft:spawner":7,"minecraft:magma_block":2,"minecraft:sculk_catalyst":4,"minecraft:glowstone":1,"minecraft:iron_ore":13,"minecraft:cobbled_deepslate":11,"minecraft:fire":2,"minecraft:deepslate_lapis_ore":3,"minecraft:azure_bluet":1,"minecraft:pointed_dripstone":3,"minecraft:flowering_azalea_leaves":5,"minecraft:dirt_path":4,"minecraft:iron_bars":1,"minecraft:purple_carpet":2,"minecraft:pink_tulip":1,"minecraft:azalea":3,"minecraft:green_bed":1,"minecraft:deepslate_redstone_ore":36,"minecraft:amethyst_cluster":1,"minecraft:orange_terracotta":6,"minecraft:torch":12,"minecraft:light_gray_terracotta":1,"minecraft:blast_furnace":1,"minecraft:calcite":3,"minecraft:poppy":1,"minecraft:chest":5,"minecraft:dead_bush":2,"minecraft:cobblestone":4,"minecraft:oak_planks":7,"minecraft:sugar_cane":240,"minecraft:grindstone":1,"gnumus:gnumus_clay_brick":1,"minecraft:wall_torch":13,"minecraft:amethyst_block":11,"minecraft:deepslate_copper_ore":1,"minecraft:pink_petals":3,"minecraft:white_terracotta":1,"gnumus:gnumus_clay_block":2,"minecraft:mud":1,"minecraft:birch_log":134,"minecraft:wheat":7,"minecraft:lilac":1,"minecraft:grass":13,"minecraft:oak_log":278,"gnumus:baked_gnumus_clay_stairs":1,"minecraft:sand":51,"minecraft:dirt":754,"minecraft:smooth_basalt":16,"minecraft:brown_candle":1,"minecraft:oak_leaves":58,"minecraft:deepslate":1382,"minecraft:yellow_terracotta":12,"minecraft:diamond_ore":1,"minecraft:tuff":129,"minecraft:mossy_cobblestone":2,"minecraft:dark_oak_leaves":2,"minecraft:deepslate_diamond_ore":32,"minecraft:cherry_sapling":1,"minecraft:dark_oak_log":42,"minecraft:mangrove_roots":1,"minecraft:glow_lichen":2,"travelersbackpack:white_sleeping_bag":1,"minecraft:spruce_leaves":9,"minecraft:sandstone":20,"minecraft:mangrove_propagule":1,"minecraft:large_fern":2,"minecraft:hay_block":53,"minecraft:furnace":1,"minecraft:andesite":36,"minecraft:gold_block":2,"minecraft:white_glazed_terracotta":2,"minecraft:bookshelf":6,"minecraft:deepslate_iron_ore":27,"gnumus:fragile_gnumus_jug":10,"minecraft:stone":370,"minecraft:light_gray_carpet":1,"minecraft:flowering_azalea":1,"minecraft:dandelion":1,"minecraft:crafting_table":1,"minecraft:sculk_sensor":5,"minecraft:copper_ore":11,"minecraft:deepslate_coal_ore":1,"minecraft:deepslate_gold_ore":17,"minecraft:sculk":1023,"minecraft:diorite":39,"minecraft:purple_bed":2,"minecraft:cactus":19,"minecraft:birch_leaves":8,"minecraft:white_carpet":1,"minecraft:ice":11,"minecraft:spruce_log":1,"minecraft:mangrove_leaves":1,"minecraft:coal_ore":12,"minecraft:cherry_leaves":1,"minecraft:gravel":38,"minecraft:dripstone_block":7,"minecraft:cobweb":21,"minecraft:brown_terracotta":14,"minecraft:terracotta":9,"minecraft:gold_ore":4,"minecraft:birch_fence":2},"minecraft:crafted":{"minecraft:oak_planks":404,"gnumus:grilled_juicy_meat":45,"minecraft:cooked_chicken":10,"minecraft:diamond_shovel":1,"minecraft:bookshelf":6,"gnumus:vintage_charger":1,"minecraft:glass":5,"minecraft:diamond_helmet":1,"minecraft:diamond_leggings":1,"minecraft:iron_boots":1,"gnumus:vintage_alloy_ingot":9,"minecraft:chest":20,"gnumus:pileof_gnumus_doubloons":2,"minecraft:stone_hoe":1,"minecraft:cooked_rabbit":22,"gnumus:gnumus_cutlass":3,"minecraft:crafting_table":7,"minecraft:spruce_planks":4,"minecraft:wooden_pickaxe":1,"minecraft:iron_helmet":1,"minecraft:copper_ingot":107,"minecraft:birch_planks":148,"gnumus:hammer_vintage_universal_tool":1,"gnumus:gnumus_pickaxe":2,"minecraft:iron_chestplate":1,"minecraft:book":23,"minecraft:paper":45,"minecraft:diamond_pickaxe":1,"minecraft:shield":1,"minecraft:stick":280,"minecraft:iron_ingot":160,"minecraft:iron_pickaxe":3,"minecraft:gold_ingot":27,"minecraft:cherry_planks":64,"minecraft:stone_shovel":1,"minecraft:iron_nugget":1,"gnumus:vintage_rifle":1,"minecraft:furnace":12,"minecraft:raw_copper_block":1,"gnumus:vintage_bullet":16,"gnumus:lucky_hat_helmet":4,"minecraft:iron_hoe":4,"minecraft:diamond_boots":1,"minecraft:redstone_block":56,"minecraft:dark_oak_planks":104,"minecraft:wheat":342,"minecraft:iron_sword":4,"minecraft:bucket":3,"minecraft:stone_axe":1,"minecraft:bread":100,"minecraft:air":0,"gnumus:vintage_metal":10,"minecraft:oak_boat":1,"minecraft:gold_nugget":18,"minecraft:wooden_axe":1,"minecraft:iron_shovel":1,"minecraft:iron_leggings":1,"minecraft:torch":224,"minecraft:lapis_lazuli":27,"minecraft:diamond_chestplate":1},"minecraft:used":{"minecraft:cherry_sapling":14,"minecraft:iron_shovel":123,"minecraft:chest":17,"minecraft:shield":31,"minecraft:iron_sword":965,"travelersbackpack:diamond":1,"minecraft:iron_chestplate":3,"minecraft:mutton":2,"minecraft:carrot":3,"minecraft:tuff":8,"minecraft:azure_bluet":1,"minecraft:milk_bucket":1,"minecraft:lava_bucket":12,"minecraft:birch_sapling":3,"minecraft:iron_helmet":1,"gnumus:baked_gnumus_clay_stairs":1,"gnumus:vintage_gnumus_pickaxe":134,"minecraft:magma_block":2,"minecraft:bow":3,"minecraft:hay_block":3,"minecraft:sweet_berries":2,"minecraft:mangrove_roots":1,"minecraft:oak_sapling":42,"minecraft:furnace":5,"minecraft:egg":1,"gnumus:grilled_juicy_meat":16,"minecraft:diamond_boots":2,"minecraft:oak_planks":86,"minecraft:cactus":7,"minecraft:ender_pearl":13,"minecraft:wooden_pickaxe":7,"minecraft:sandstone":31,"minecraft:sugar_cane":86,"minecraft:cookie":5,"minecraft:golden_apple":6,"minecraft:white_wool":1,"minecraft:glow_berries":8,"minecraft:sand":96,"gnumus:gnumus_cutlass":12,"gnumus:gnumus_pickaxe":4,"minecraft:dripstone_block":16,"minecraft:birch_fence":2,"gnumus:gnumus_chickpeas":105,"minecraft:bread":118,"minecraft:grindstone":1,"minecraft:cooked_rabbit":19,"minecraft:andesite":28,"minecraft:birch_log":2,"minecraft:oak_boat":1,"gnumus:juicy_meat":5,"minecraft:azalea":2,"gnumus:hammer_vintage_universal_tool":935,"minecraft:iron_bars":1,"minecraft:stone_shovel":33,"minecraft:redstone":22,"minecraft:light_gray_carpet":1,"minecraft:stone_hoe":80,"minecraft:cooked_chicken":19,"minecraft:torch":297,"minecraft:brewing_stand":1,"minecraft:dirt":610,"minecraft:spyglass":93,"minecraft:white_carpet":1,"minecraft:diamond_helmet":1,"minecraft:granite":30,"minecraft:iron_hoe":1000,"minecraft:dark_oak_planks":29,"minecraft:wooden_axe":60,"minecraft:flowering_azalea":1,"minecraft:bookshelf":6,"minecraft:iron_axe":96,"minecraft:iron_boots":4,"minecraft:melon_seeds":2,"minecraft:diamond_chestplate":3,"minecraft:raw_copper_block":1,"minecraft:golden_carrot":24,"minecraft:beef":7,"tombstone:gift":1,"minecraft:cobbled_deepslate":139,"minecraft:pointed_dripstone":4,"minecraft:iron_leggings":1,"gnumus:vintage_gnumus_cutlass":432,"minecraft:water_bucket":135,"minecraft:pink_tulip":1,"minecraft:amethyst_block":2,"minecraft:rabbit":10,"minecraft:birch_planks":7,"gnumus:overripe_carrot":23,"minecraft:green_bed":1,"minecraft:mossy_cobblestone":3,"minecraft:rail":5,"minecraft:crafting_table":8,"minecraft:white_bed":1,"minecraft:cod":15,"minecraft:mud":1,"minecraft:diamond_pickaxe":444,"minecraft:apple":8,"minecraft:diamond_shovel":867,"minecraft:mangrove_propagule":1,"minecraft:iron_pickaxe":1439,"travelersbackpack:white_sleeping_bag":1,"minecraft:stone_axe":137,"minecraft:pink_petals":2,"minecraft:cobblestone":172,"minecraft:purple_bed":2,"minecraft:porkchop":2,"minecraft:cooked_porkchop":1,"gnumus:lucky_hat_helmet":4,"minecraft:bucket":148,"minecraft:dandelion":1,"minecraft:diamond_leggings":1,"minecraft:splash_potion":1,"minecraft:purple_carpet":1},"minecraft:killed_by":{"minecraft:player":2,"minecraft:iron_golem":1},"minecraft:killed":{"minecraft:cave_spider":5,"minecraft:witch":1,"minecraft:spider":20,"minecraft:skeleton":38,"minecraft:chicken":2,"gnumus:pitcher_mousse":43,"minecraft:wolf":1,"minecraft:pig":9,"gnumus:gnumus_shaman":1,"minecraft:salmon":7,"gnumus:big_snout":11,"minecraft:iron_golem":1,"minecraft:creeper":2,"gnumus:marsupial_mousse":15,"minecraft:sheep":4,"minecraft:zombie":35,"minecraft:cow":10,"minecraft:phantom":3,"gnumus:gnumus_worker":3,"gnumus:gnumus_hunter":107,"minecraft:drowned":2,"gnumus:gnumus_hunter_not_dispawn":6,"minecraft:husk":15,"minecraft:rabbit":16,"minecraft:bat":2,"minecraft:frog":2,"gnumus:gnumus_merchant":4,"minecraft:enderman":2},"minecraft:dropped":{"minecraft:iron_sword":1,"minecraft:oak_log":5,"gnumus:overripe_carrot":3,"minecraft:glass_bottle":1,"minecraft:diamond":16,"cataclysm:lionfish":1,"minecraft:dark_oak_sapling":1,"gnumus:mouse_skin":4,"minecraft:dirt":13,"minecraft:grass":1,"gnumus:business_hat_helmet":1,"minecraft:gold_nugget":8,"gnumus:grilled_juicy_meat":2,"minecraft:white_wool":3,"minecraft:gold_ingot":1,"minecraft:bone":5,"minecraft:gravel":11,"minecraft:sugar_cane":15,"minecraft:spyglass":1,"minecraft:iron_nugget":2,"minecraft:detector_rail":3,"minecraft:cobbled_deepslate":875,"minecraft:wheat":5,"minecraft:birch_sapling":8,"minecraft:pointed_dripstone":3,"minecraft:rotten_flesh":11,"minecraft:glowstone_dust":2,"gnumus:vintage_bullet":12,"gnumus:gnumus_doubloons":7,"minecraft:rabbit_hide":6,"gnumus:vintage_rifle":2,"minecraft:gunpowder":5,"gnumus:juicy_meat":6,"minecraft:chest":2,"gnumus:gnumus_horn":1,"gnumus:vintage_gnumus_cutlass":1,"gnumus:vintage_parts":3,"minecraft:arrow":15,"minecraft:beef":4,"minecraft:powered_rail":3,"gnumus:lucky_hat_helmet":3,"minecraft:bread":1,"minecraft:stone_hoe":1,"minecraft:wheat_seeds":37,"minecraft:lilac":1,"minecraft:dripstone_block":3,"minecraft:mangrove_propagule":1,"minecraft:feather":8,"minecraft:cobblestone":226,"minecraft:granite":16,"minecraft:coal":8,"minecraft:stick":10,"minecraft:diorite":70,"minecraft:torch":16,"minecraft:rabbit":5,"gnumus:baked_patterned_gnumus_clay":2,"minecraft:string":52,"minecraft:paper":1,"minecraft:redstone":26,"minecraft:smooth_basalt":1,"minecraft:sweet_berries":4,"travelersbackpack:diamond":2,"gnumus:vintage_metal":1,"minecraft:tuff":48,"gnumus:gnumus_clay":71,"minecraft:iron_chestplate":1,"minecraft:diamond_pickaxe":1,"minecraft:andesite":10,"gnumus:gnumus_chickpeas":31,"minecraft:oak_sapling":2,"gnumus:packaged_goods":5,"minecraft:spider_eye":9,"minecraft:sandstone":117,"minecraft:bow":2,"gnumus:gnumus_cheese":2},"minecraft:picked_up":{"minecraft:iron_chestplate":1,"minecraft:wheat":13,"gnumus:gnumus_claw":253,"minecraft:lead":1,"minecraft:enchanted_book":4,"minecraft:brewing_stand":1,"minecraft:amethyst_block":9,"minecraft:string":133,"minecraft:raw_copper":775,"travelersbackpack:diamond":3,"minecraft:iron_leggings":2,"minecraft:diamond_leggings":2,"minecraft:cobbled_deepslate":2533,"minecraft:bucket":2,"gnumus:packaged_goods":124,"minecraft:rose_bush":2,"minecraft:calcite":11,"minecraft:azalea":2,"minecraft:iron_pickaxe":2,"minecraft:iron_boots":2,"minecraft:furnace":2,"gnumus:vintage_gnumus_pickaxe":2,"minecraft:stick":63,"minecraft:brown_terracotta":14,"minecraft:torch":97,"minecraft:green_bed":1,"gnumus:lucky_hat_helmet":3,"minecraft:porkchop":18,"minecraft:cherry_log":35,"minecraft:pointed_dripstone":7,"minecraft:diorite":87,"gnumus:grilled_juicy_meat":14,"minecraft:rabbit_foot":4,"gnumus:wrapper_with_goods":7,"gnumus:vintage_metal":20,"minecraft:cactus":46,"minecraft:rotten_flesh":68,"gnumus:gnumus_chickpeas":252,"minecraft:mangrove_roots":1,"minecraft:white_terracotta":1,"minecraft:iron_bars":1,"minecraft:cod":42,"minecraft:snowball":3,"minecraft:cobblestone":797,"minecraft:birch_log":125,"minecraft:pink_petals":5,"minecraft:magma_block":2,"gnumus:gnumus_doubloons":104,"minecraft:feather":30,"minecraft:lilac":1,"minecraft:andesite":44,"gnumus:overripe_carrot":96,"minecraft:brown_wool":1,"minecraft:flint":8,"minecraft:tuff":154,"minecraft:lapis_lazuli":91,"minecraft:dirt":1837,"minecraft:brown_candle":2,"gnumus:gnumus_pouch_2":88,"minecraft:name_tag":9,"minecraft:purple_carpet":1,"minecraft:bone":48,"minecraft:bow":2,"minecraft:wheat_seeds":70,"gnumus:vintage_rifle":2,"minecraft:raw_gold":79,"minecraft:grindstone":1,"minecraft:rabbit":75,"minecraft:diamond_helmet":2,"minecraft:glowstone_dust":2,"minecraft:powered_rail":3,"minecraft:oak_planks":18,"gnumus:baked_gnumus_clay_stairs":1,"minecraft:cooked_porkchop":1,"minecraft:sand":140,"minecraft:dark_oak_log":40,"minecraft:mossy_cobblestone":3,"travelersbackpack:white_sleeping_bag":1,"cataclysm:lionfish":1,"minecraft:light_gray_terracotta":1,"gnumus:vintage_parts":12,"minecraft:diamond":125,"gnumus:gnumus_clay":338,"waystones:waystone":2,"minecraft:granite":108,"minecraft:grass":1,"minecraft:golden_apple":2,"minecraft:emerald":59,"minecraft:bread":73,"minecraft:oak_sapling":83,"minecraft:light_gray_carpet":1,"minecraft:netherrack":6,"minecraft:diamond_pickaxe":3,"minecraft:mud":1,"gnumus:gnumus_totem":1,"minecraft:crafting_table":1,"minecraft:azure_bluet":1,"minecraft:chicken":34,"gnumus:business_hat_helmet":2,"minecraft:cooked_rabbit":3,"minecraft:gold_block":2,"minecraft:shield":1,"gnumus:vintage_bullet":8,"minecraft:white_carpet":2,"minecraft:birch_fence":2,"minecraft:blackstone":57,"minecraft:detector_rail":3,"gnumus:hammer_vintage_universal_tool":2,"minecraft:beef":28,"minecraft:iron_nugget":1,"minecraft:poppy":2,"minecraft:chest":1,"minecraft:sugar_cane":384,"minecraft:birch_sapling":27,"minecraft:phantom_membrane":4,"minecraft:egg":1,"minecraft:dark_oak_sapling":3,"minecraft:raw_iron":177,"minecraft:sandstone":148,"gnumus:juicy_meat":67,"minecraft:cookie":5,"minecraft:carrot":2,"minecraft:redstone":637,"minecraft:dark_oak_planks":9,"minecraft:arrow":38,"minecraft:stone_shovel":1,"minecraft:diamond_chestplate":2,"minecraft:diamond_boots":2,"minecraft:hay_block":53,"minecraft:yellow_terracotta":12,"minecraft:pink_tulip":1,"minecraft:gold_ingot":7,"gnumus:gnumus_pouch_3":2,"gnumus:mouse_skin":280,"minecraft:glow_berries":46,"minecraft:mutton":31,"minecraft:rail":5,"minecraft:white_wool":6,"minecraft:basalt":200,"gnumus:baked_patterned_gnumus_clay":2,"minecraft:golden_carrot":24,"minecraft:salmon":4,"minecraft:leather":82,"gnumus:gnumus_pouch":76,"minecraft:birch_planks":2,"minecraft:oak_log":319,"minecraft:gunpowder":6,"minecraft:paper":198,"minecraft:orange_terracotta":6,"minecraft:apple":35,"gnumus:gnumus_horn":19,"minecraft:rabbit_hide":25,"minecraft:heart_of_the_sea":2,"minecraft:iron_ingot":29,"minecraft:cooked_chicken":9,"minecraft:glass_bottle":1,"minecraft:iron_sword":2,"minecraft:flowering_azalea":1,"minecraft:book":30,"minecraft:smooth_basalt":1,"minecraft:sweet_berries":27,"minecraft:dandelion":1,"minecraft:spyglass":6,"minecraft:raw_iron_block":4,"minecraft:dripstone_block":61,"minecraft:gravel":67,"minecraft:amethyst_shard":6,"gnumus:gnumus_cheese":24,"minecraft:spruce_sapling":1,"minecraft:blast_furnace":1,"minecraft:white_bed":1,"minecraft:spruce_log":1,"minecraft:spider_eye":17,"minecraft:diamond_shovel":2,"minecraft:purple_bed":2,"minecraft:iron_helmet":1,"minecraft:cherry_sapling":22,"minecraft:warped_roots":1,"minecraft:terracotta":7,"tombstone:magic_scroll":1,"minecraft:melon_seeds":2,"gnumus:vintage_gnumus_cutlass":3,"minecraft:mangrove_propagule":2,"minecraft:coal":178,"minecraft:ender_pearl":29},"minecraft:custom":{"minecraft:interact_with_crafting_table":85,"minecraft:open_barrel":4,"minecraft:bell_ring":6,"minecraft:leave_game":7,"minecraft:time_since_death":72796,"minecraft:sprint_one_cm":2157748,"minecraft:damage_blocked_by_shield":2740,"minecraft:drop":183,"minecraft:talked_to_villager":6,"minecraft:play_time":684926,"minecraft:deaths":5,"minecraft:jump":13000,"minecraft:interact_with_brewingstand":4,"minecraft:walk_on_water_one_cm":58616,"minecraft:enchant_item":31,"minecraft:interact_with_furnace":120,"minecraft:sleep_in_bed":16,"minecraft:waystone_activated":6,"minecraft:damage_dealt":75737,"minecraft:player_kills":3,"minecraft:crouch_one_cm":51617,"tombstone:undead_killed":3,"minecraft:horse_one_cm":172358,"minecraft:interact_with_smithing_table":4,"minecraft:interact_with_anvil":8,"minecraft:mob_kills":376,"minecraft:interact_with_campfire":7,"minecraft:damage_dealt_resisted":932,"minecraft:climb_one_cm":3544,"minecraft:walk_one_cm":1514432,"minecraft:sneak_time":17605,"minecraft:walk_under_water_one_cm":24727,"minecraft:interact_with_blast_furnace":17,"minecraft:total_world_time":684926,"tombstone:raider_killed":3,"minecraft:interact_with_grindstone":11,"minecraft:interact_with_stonecutter":2,"minecraft:time_since_rest":9152,"minecraft:damage_taken":13466,"minecraft:damage_absorbed":101,"minecraft:swim_one_cm":55074,"minecraft:fly_one_cm":2778104,"minecraft:open_chest":746,"minecraft:fall_one_cm":347389}},"DataVersion":3465}