{"stats":{"minecraft:broken":{"minecraft:iron_boots":2,"minecraft:iron_chestplate":2,"minecraft:iron_leggings":2,"gnumus:gnumus_cutlass":2,"minecraft:diamond_pickaxe":1,"minecraft:iron_sword":3,"minecraft:iron_hoe":8,"minecraft:diamond_leggings":1,"minecraft:shield":1,"minecraft:iron_axe":2,"minecraft:iron_pickaxe":2,"minecraft:iron_helmet":2,"minecraft:iron_shovel":1,"minecraft:diamond_boots":1,"minecraft:wooden_axe":1,"gnumus:gnumus_pickaxe":3},"minecraft:mined":{"minecraft:white_bed":6,"minecraft:obsidian":14,"minecraft:granite":22,"minecraft:chiseled_polished_blackstone":2,"minecraft:spawner":6,"minecraft:polished_blackstone_bricks":87,"minecraft:magma_block":22,"minecraft:cobbled_deepslate":14,"minecraft:fire":92,"minecraft:deepslate_lapis_ore":2,"minecraft:sculk_shrieker":1,"minecraft:water_cauldron":1,"minecraft:oak_stairs":7,"minecraft:cut_sandstone":8,"minecraft:brown_mushroom":29,"minecraft:smoker":3,"minecraft:soul_fire":7,"minecraft:torch":51,"minecraft:blast_furnace":1,"minecraft:sugar_cane":109,"gnumus:gnumus_clay_brick":1,"gnumus:gnumus_clay_block":5,"minecraft:stone_brick_stairs":3,"minecraft:grass":205,"minecraft:oak_fence_gate":2,"minecraft:smooth_basalt":1,"minecraft:deepslate":1074,"minecraft:dark_oak_log":85,"minecraft:birch_fence_gate":1,"minecraft:nether_bricks":19,"minecraft:dark_oak_fence":4,"minecraft:andesite":53,"minecraft:rail":1,"gnumus:fragile_gnumus_jug":27,"travelersbackpack:spider":1,"minecraft:oak_slab":1,"minecraft:birch_stairs":1,"minecraft:soul_sand":5,"minecraft:brown_carpet":2,"minecraft:dandelion":12,"minecraft:smooth_sandstone":1,"minecraft:emerald_ore":1,"minecraft:tall_grass":39,"minecraft:copper_ore":6,"minecraft:deepslate_gold_ore":27,"minecraft:diorite":19,"minecraft:white_carpet":4,"minecraft:birch_leaves":12,"minecraft:gravel":6,"minecraft:dripstone_block":2,"minecraft:cobweb":50,"minecraft:gold_ore":4,"minecraft:fern":4,"minecraft:oak_sapling":16,"minecraft:sculk_vein":209,"minecraft:brewing_stand":1,"minecraft:grass_block":163,"minecraft:cracked_polished_blackstone_bricks":27,"minecraft:soul_soil":3,"minecraft:sculk_catalyst":3,"minecraft:iron_ore":49,"minecraft:red_tulip":1,"minecraft:pointed_dripstone":6,"minecraft:azalea":3,"minecraft:deepslate_redstone_ore":1,"minecraft:blackstone":85,"minecraft:clay":4,"minecraft:calcite":2,"minecraft:poppy":23,"minecraft:chest":1,"minecraft:nether_quartz_ore":3,"minecraft:cobblestone":42,"minecraft:oak_planks":179,"minecraft:wall_torch":35,"minecraft:cauldron":1,"minecraft:pink_petals":2,"minecraft:birch_log":187,"minecraft:tnt":9,"minecraft:oak_log":236,"minecraft:sand":244,"minecraft:dirt":107,"minecraft:raw_copper_block":1,"minecraft:netherrack":715,"minecraft:oak_leaves":40,"minecraft:nether_gold_ore":2,"minecraft:diamond_ore":1,"minecraft:tuff":104,"minecraft:deepslate_diamond_ore":28,"minecraft:oak_door":2,"travelersbackpack:white_sleeping_bag":3,"minecraft:birch_slab":2,"minecraft:spruce_leaves":3,"minecraft:sandstone":141,"minecraft:hay_block":47,"minecraft:furnace":4,"minecraft:peony":1,"minecraft:gold_block":5,"minecraft:nether_brick_fence":1,"minecraft:deepslate_iron_ore":26,"minecraft:stripped_oak_log":1,"minecraft:stone":217,"minecraft:flowering_azalea":4,"gnumus:gnumus_clay_brick_wall":1,"minecraft:basalt":137,"minecraft:oak_fence":3,"minecraft:sculk_sensor":26,"minecraft:lapis_ore":4,"minecraft:polished_blackstone_brick_stairs":2,"minecraft:sculk":1731,"minecraft:birch_planks":5,"minecraft:cactus":13,"minecraft:sweet_berry_bush":2,"minecraft:coal_ore":34,"minecraft:terracotta":2},"minecraft:crafted":{"minecraft:smooth_stone":4,"gnumus:grilled_juicy_meat":53,"travelersbackpack:crafting_upgrade":2,"minecraft:birch_boat":1,"minecraft:birch_slab":66,"travelersbackpack:diamond":2,"minecraft:bookshelf":21,"minecraft:cooked_mutton":46,"minecraft:glass":45,"minecraft:diamond_helmet":1,"minecraft:diamond_leggings":2,"gnumus:vintage_alloy_ingot":9,"minecraft:birch_fence_gate":2,"gnumus:pileof_gnumus_doubloons":2,"travelersbackpack:bookshelf":1,"gnumus:gnumus_cutlass":4,"minecraft:cooked_porkchop":75,"travelersbackpack:lapis":1,"gnumus:vintage_gnumus_cutlass":1,"travelersbackpack:standard":10,"minecraft:smithing_table":1,"minecraft:copper_ingot":3,"gnumus:gnumus_pickaxe":4,"minecraft:iron_pickaxe":2,"minecraft:gold_ingot":68,"minecraft:spyglass":2,"minecraft:bone_meal":33,"travelersbackpack:blank_upgrade":8,"travelersbackpack:gold_tier_upgrade":1,"travelersbackpack:white_sleeping_bag":4,"minecraft:stone_pickaxe":1,"minecraft:diamond_boots":2,"gnumus:gnumus_helmet_helmet":1,"minecraft:wheat":45,"minecraft:enchanting_table":1,"minecraft:red_carpet":12,"minecraft:oak_fence_gate":7,"minecraft:wooden_axe":1,"minecraft:oak_stairs":36,"minecraft:iron_shovel":3,"minecraft:iron_leggings":3,"minecraft:white_bed":4,"minecraft:oak_planks":1047,"minecraft:cooked_chicken":7,"minecraft:stone":7,"minecraft:iron_boots":2,"minecraft:chest":10,"minecraft:netherite_upgrade_smithing_template":2,"minecraft:oak_fence":48,"minecraft:oak_slab":48,"travelersbackpack:iron_tier_upgrade":4,"minecraft:crafting_table":7,"minecraft:spruce_planks":8,"minecraft:wooden_pickaxe":1,"minecraft:iron_helmet":2,"minecraft:red_wool":9,"minecraft:birch_planks":32,"gnumus:hammer_vintage_universal_tool":1,"minecraft:book":67,"minecraft:iron_chestplate":3,"minecraft:paper":81,"minecraft:diamond_pickaxe":2,"minecraft:stick":188,"minecraft:iron_ingot":343,"minecraft:shears":1,"minecraft:cherry_planks":8,"minecraft:raw_iron":108,"minecraft:furnace":8,"minecraft:blast_furnace":1,"minecraft:raw_copper_block":21,"minecraft:flint_and_steel":1,"minecraft:leather":1,"minecraft:iron_axe":4,"minecraft:iron_hoe":11,"minecraft:chiseled_bookshelf":2,"travelersbackpack:diamond_tier_upgrade":1,"minecraft:cooked_beef":75,"minecraft:red_dye":10,"minecraft:diamond_sword":1,"travelersbackpack:backpack_tank":16,"minecraft:iron_sword":3,"minecraft:bucket":1,"minecraft:air":0,"minecraft:bread":15,"minecraft:oak_boat":1,"minecraft:white_wool":24,"minecraft:gold_nugget":18,"minecraft:stonecutter":1,"minecraft:torch":476,"minecraft:diamond_chestplate":2},"minecraft:used":{"minecraft:nether_brick_fence":6,"minecraft:spruce_slab":1,"minecraft:chest":3,"travelersbackpack:diamond":2,"minecraft:rotten_flesh":2,"minecraft:soul_sand":2,"minecraft:lava_bucket":121,"gnumus:vintage_gnumus_pickaxe":273,"gnumus:gnumus_helmet_helmet":14,"minecraft:furnace":11,"minecraft:oak_sapling":16,"minecraft:cooked_cod":2,"minecraft:egg":1,"gnumus:grilled_juicy_meat":88,"minecraft:cactus":3,"minecraft:blackstone":147,"minecraft:wooden_pickaxe":17,"minecraft:glow_berries":3,"minecraft:sand":173,"minecraft:blast_furnace":2,"gnumus:gnumus_cutlass":25,"gnumus:business_hat_helmet":1,"minecraft:birch_fence":31,"minecraft:birch_slab":68,"gnumus:gnumus_chickpeas":5,"minecraft:diamond_sword":406,"minecraft:smithing_table":1,"minecraft:dark_oak_fence":4,"minecraft:oak_boat":1,"minecraft:enchanting_table":1,"minecraft:netherrack":419,"minecraft:torch":570,"minecraft:brewing_stand":1,"minecraft:oak_fence_gate":9,"minecraft:iron_axe":795,"minecraft:smooth_basalt":1,"minecraft:diamond_chestplate":5,"minecraft:basalt":222,"minecraft:beef":3,"minecraft:cobbled_deepslate":285,"minecraft:pointed_dripstone":2,"gnumus:vintage_gnumus_cutlass":477,"minecraft:calcite":1,"minecraft:water_bucket":40,"minecraft:chiseled_bookshelf":2,"minecraft:birch_planks":82,"minecraft:cauldron":2,"minecraft:polished_blackstone_bricks":307,"minecraft:oak_slab":33,"minecraft:tnt":9,"minecraft:crafting_table":5,"minecraft:white_bed":12,"gnumus:gnumus_cheese":1,"minecraft:diamond_pickaxe":1575,"travelersbackpack:bookshelf":8,"minecraft:iron_pickaxe":581,"travelersbackpack:white_sleeping_bag":6,"minecraft:cobblestone":92,"travelersbackpack:standard":1,"minecraft:cooked_porkchop":64,"minecraft:diamond_leggings":2,"minecraft:iron_shovel":565,"minecraft:shield":29,"minecraft:iron_sword":699,"minecraft:iron_chestplate":3,"minecraft:mutton":3,"minecraft:nether_bricks":10,"minecraft:tuff":4,"minecraft:obsidian":16,"gnumus:gnumus_clay_brick":1,"minecraft:iron_helmet":3,"minecraft:bedrock":1,"minecraft:red_carpet":12,"minecraft:magma_block":3,"travelersbackpack:spider":1,"minecraft:diamond_boots":2,"minecraft:stone_pickaxe":54,"minecraft:oak_planks":188,"minecraft:sandstone":8,"minecraft:sugar_cane":25,"gnumus:gnumus_pickaxe":18,"minecraft:dripstone_block":5,"waystones:waystone":8,"minecraft:birch_fence_gate":3,"minecraft:bread":23,"minecraft:brown_wool":1,"minecraft:gravel":1,"minecraft:andesite":18,"minecraft:bone_meal":16,"minecraft:oak_fence":52,"gnumus:hammer_vintage_universal_tool":711,"minecraft:flint_and_steel":56,"minecraft:cooked_chicken":7,"minecraft:dirt":136,"minecraft:spyglass":362,"minecraft:white_carpet":34,"minecraft:diamond_helmet":2,"minecraft:granite":16,"minecraft:iron_hoe":1979,"minecraft:wooden_axe":44,"minecraft:bookshelf":21,"minecraft:oak_stairs":31,"minecraft:smooth_sandstone":1,"minecraft:iron_boots":4,"minecraft:golden_carrot":16,"minecraft:soul_soil":25,"minecraft:cooked_beef":46,"minecraft:iron_leggings":4,"minecraft:cooked_mutton":15,"minecraft:birch_boat":4,"gnumus:overripe_carrot":2,"minecraft:cut_sandstone":8,"minecraft:brown_mushroom":1,"minecraft:stonecutter":1,"minecraft:terracotta":1,"minecraft:smoker":2,"minecraft:flower_pot":1,"minecraft:apple":5,"minecraft:cracked_polished_blackstone_bricks":26,"minecraft:pink_petals":7,"gnumus:lucky_hat_helmet":12,"minecraft:bucket":167,"minecraft:birch_stairs":1},"minecraft:killed_by":{"minecraft:creeper":1,"minecraft:cave_spider":2,"minecraft:player":5},"minecraft:killed":{"minecraft:cave_spider":19,"minecraft:skeleton":41,"minecraft:chicken":1,"minecraft:skeleton_horse":1,"minecraft:magma_cube":62,"gnumus:big_snout":6,"minecraft:zombie":50,"minecraft:cow":22,"minecraft:endermite":1,"gnumus:gnumus_hunter":130,"gnumus:gnumus_hunter_not_dispawn":7,"minecraft:husk":14,"minecraft:rabbit":9,"gnumus:gnumus_merchant":1,"minecraft:enderman":3,"minecraft:spider":38,"gnumus:pitcher_mousse":15,"minecraft:piglin_brute":4,"minecraft:piglin":16,"minecraft:pig":4,"minecraft:creeper":7,"gnumus:marsupial_mousse":1,"minecraft:sheep":4,"minecraft:ghast":1,"minecraft:blaze":11,"minecraft:slime":3,"minecraft:phantom":12,"gnumus:gnumus_worker":2,"minecraft:bat":2,"minecraft:wither_skeleton":3},"minecraft:dropped":{"minecraft:iron_sword":3,"minecraft:lapis_lazuli":3,"minecraft:cooked_beef":2,"gnumus:overripe_carrot":1,"gnumus:gnumus_helmet_helmet":2,"minecraft:diamond":1,"minecraft:cooked_porkchop":64,"minecraft:glow_berries":8,"travelersbackpack:iron_tier_upgrade":2,"minecraft:cracked_stone_bricks":2,"minecraft:rail":3,"minecraft:red_mushroom":1,"minecraft:emerald":2,"minecraft:dirt":3,"gnumus:gnumus_claw":14,"minecraft:dark_oak_fence":3,"gnumus:business_hat_helmet":1,"minecraft:gold_nugget":38,"minecraft:wooden_sword":1,"minecraft:phantom_membrane":5,"minecraft:sand":158,"minecraft:iron_pickaxe":1,"gnumus:grilled_juicy_meat":28,"minecraft:bone":28,"minecraft:oak_door":2,"minecraft:sugar_cane":2,"minecraft:cobbled_deepslate":2519,"minecraft:birch_sapling":2,"minecraft:obsidian":2,"minecraft:rotten_flesh":52,"minecraft:oak_planks":98,"waystones:sandy_waystone":1,"minecraft:azure_bluet":3,"minecraft:rabbit_foot":2,"gnumus:gnumus_horn":2,"gnumus:gnumus_pouch":2,"minecraft:painting":2,"gnumus:vintage_parts":6,"minecraft:crying_obsidian":2,"minecraft:stone_brick_stairs":2,"minecraft:egg":2,"minecraft:enchanted_book":4,"minecraft:iron_ingot":8,"gnumus:gnumus_cutlass":2,"minecraft:wheat_seeds":112,"minecraft:dripstone_block":16,"minecraft:netherite_chestplate":2,"minecraft:oak_fence":5,"minecraft:feather":12,"minecraft:cobblestone":194,"minecraft:apple":4,"minecraft:granite":2,"minecraft:coal":4,"minecraft:lava_bucket":1,"minecraft:gray_wool":1,"minecraft:wooden_axe":1,"minecraft:cherry_planks":4,"minecraft:diamond_helmet":1,"minecraft:iron_shovel":1,"minecraft:paper":15,"minecraft:string":74,"gnumus:vintage_alloy_ingot":3,"minecraft:moss_carpet":3,"minecraft:soul_soil":25,"minecraft:netherite_ingot":1,"gnumus:vintage_metal":1,"minecraft:white_carpet":1,"minecraft:name_tag":1,"minecraft:shears":1,"minecraft:diamond_sword":1,"minecraft:hay_block":1,"minecraft:allium":1,"minecraft:peony":1,"minecraft:diamond_pickaxe":4,"gnumus:gnumus_chickpeas":16,"minecraft:spider_eye":8,"minecraft:sandstone":385,"minecraft:red_tulip":1,"minecraft:magma_block":6,"minecraft:terracotta":1,"minecraft:soul_sand":68,"minecraft:moss_block":4,"minecraft:brown_mushroom":27,"minecraft:birch_planks":28,"minecraft:diamond_axe":1,"minecraft:warped_fungus":2,"minecraft:oak_log":24,"minecraft:ender_pearl":3,"minecraft:dark_oak_sapling":4,"minecraft:netherite_upgrade_smithing_template":1,"travelersbackpack:standard":5,"gnumus:gnumus_pickaxe":1,"gnumus:mouse_skin":16,"minecraft:cod":10,"minecraft:flint":2,"minecraft:cracked_polished_blackstone_bricks":20,"minecraft:dark_oak_log":1,"minecraft:polished_blackstone_brick_stairs":4,"minecraft:birch_log":174,"minecraft:gold_ingot":13,"minecraft:gravel":14,"minecraft:chiseled_polished_blackstone":2,"minecraft:blackstone":4,"minecraft:spyglass":2,"minecraft:pointed_dripstone":5,"minecraft:cherry_sapling":1,"cataclysm:ignitium_upgrade_smithing_template":1,"travelersbackpack:gold_tier_upgrade":2,"minecraft:chiseled_stone_bricks":1,"minecraft:poppy":12,"gnumus:gnumus_doubloons":15,"minecraft:rabbit_hide":10,"minecraft:gunpowder":4,"minecraft:dune_armor_trim_smithing_template":2,"minecraft:melon_seeds":4,"minecraft:azalea":7,"gnumus:vintage_gnumus_cutlass":3,"minecraft:iron_bars":7,"minecraft:basalt":68,"minecraft:arrow":13,"minecraft:quartz":28,"minecraft:netherrack":807,"minecraft:cherry_log":74,"minecraft:diamond_leggings":2,"minecraft:mangrove_propagule":1,"minecraft:lead":15,"minecraft:stick":73,"minecraft:diorite":18,"minecraft:torch":28,"travelersbackpack:enderman":1,"travelersbackpack:spider":1,"minecraft:flowering_azalea":4,"minecraft:pink_petals":3,"minecraft:dandelion":8,"minecraft:redstone":31,"minecraft:sweet_berries":4,"travelersbackpack:diamond":3,"minecraft:raw_copper":9,"minecraft:tuff":57,"minecraft:raw_iron":21,"minecraft:iron_hoe":2,"gnumus:gnumus_clay":43,"minecraft:diamond_chestplate":2,"travelersbackpack:lapis":1,"gnumus:gnumus_pouch_2":6,"minecraft:iron_chestplate":1,"minecraft:andesite":44,"minecraft:golden_leggings":1,"minecraft:oak_sapling":112,"gnumus:packaged_goods":1,"minecraft:diamond_boots":4,"minecraft:stone_pickaxe":1,"minecraft:wooden_pickaxe":2,"minecraft:raw_gold":3},"minecraft:picked_up":{"minecraft:wooden_axe":1,"minecraft:iron_chestplate":8,"minecraft:flower_pot":1,"minecraft:diamond_sword":1,"minecraft:lead":4,"minecraft:oak_stairs":7,"minecraft:enchanted_book":5,"minecraft:brewing_stand":1,"minecraft:amethyst_block":1,"minecraft:polished_blackstone_brick_stairs":4,"minecraft:string":195,"minecraft:soul_soil":50,"minecraft:diamond_leggings":1,"minecraft:gold_nugget":86,"minecraft:cobbled_deepslate":2464,"minecraft:golden_helmet":1,"gnumus:lucky_hat_helmet":1,"minecraft:golden_axe":1,"minecraft:cherry_log":79,"gnumus:gnumus_helmet_helmet":1,"minecraft:rabbit_foot":2,"minecraft:cauldron":2,"gnumus:wrapper_with_goods":6,"gnumus:vintage_metal":30,"minecraft:red_tulip":1,"minecraft:netherite_chestplate":1,"minecraft:blaze_rod":5,"minecraft:iron_bars":7,"minecraft:birch_log":355,"minecraft:magma_block":11,"minecraft:feather":54,"minecraft:cooked_beef":29,"minecraft:birch_slab":2,"minecraft:water_bucket":4,"minecraft:brown_wool":4,"minecraft:smoker":2,"minecraft:flint":15,"travelersbackpack:gold_tier_upgrade":10,"gnumus:gnumus_pouch_2":55,"minecraft:rabbit":58,"minecraft:moss_block":4,"minecraft:chiseled_polished_blackstone":2,"minecraft:birch_fence_gate":1,"minecraft:dark_oak_log":1,"minecraft:iron_hoe":3,"minecraft:granite":18,"minecraft:bread":18,"minecraft:diamond_pickaxe":5,"minecraft:dark_oak_fence":5,"minecraft:crimson_roots":1,"minecraft:crafting_table":4,"minecraft:clay_ball":44,"gnumus:business_hat_helmet":1,"minecraft:white_carpet":35,"minecraft:iron_shovel":1,"minecraft:cracked_stone_bricks":2,"travelersbackpack:lapis":1,"minecraft:beef":129,"minecraft:poppy":22,"minecraft:spruce_slab":1,"minecraft:birch_sapling":91,"minecraft:egg":3,"minecraft:sandstone":645,"minecraft:oak_door":2,"gnumus:juicy_meat":57,"gnumus:gnumus_clay_brick":1,"minecraft:carrot":2,"minecraft:redstone":48,"minecraft:tnt":9,"minecraft:diamond_chestplate":1,"minecraft:cooked_cod":4,"minecraft:peony":5,"minecraft:diamond_boots":3,"minecraft:hay_block":47,"minecraft:gold_ingot":66,"gnumus:mouse_skin":180,"minecraft:glow_berries":23,"minecraft:mutton":36,"minecraft:white_wool":6,"minecraft:rail":4,"minecraft:stripped_oak_log":1,"minecraft:red_mushroom":5,"gnumus:gnumus_pouch":81,"waystones:sandy_waystone":1,"minecraft:oak_log":391,"gnumus:gnumus_pickaxe":6,"minecraft:paper":227,"minecraft:apple":45,"minecraft:stone_pickaxe":1,"minecraft:oak_fence_gate":2,"minecraft:iron_sword":10,"minecraft:flowering_azalea":7,"minecraft:smooth_basalt":1,"minecraft:sweet_berries":13,"minecraft:spyglass":1,"minecraft:gravel":30,"minecraft:birch_stairs":1,"gnumus:gnumus_cheese":32,"minecraft:spruce_log":2,"minecraft:crying_obsidian":10,"travelersbackpack:standard":4,"minecraft:slime_ball":12,"minecraft:painting":2,"minecraft:diamond_axe":1,"minecraft:gray_wool":1,"minecraft:warped_roots":29,"minecraft:mangrove_propagule":1,"minecraft:ender_pearl":38,"minecraft:wheat":75,"minecraft:nether_brick_fence":1,"gnumus:gnumus_claw":272,"minecraft:stone_brick_stairs":2,"travelersbackpack:spider":2,"minecraft:raw_copper":405,"travelersbackpack:diamond":3,"minecraft:iron_leggings":7,"minecraft:netherite_ingot":1,"gnumus:packaged_goods":211,"minecraft:calcite":1,"minecraft:azalea":8,"minecraft:iron_pickaxe":7,"minecraft:iron_boots":3,"minecraft:furnace":4,"minecraft:stick":164,"minecraft:oak_fence":10,"minecraft:torch":167,"travelersbackpack:iron_tier_upgrade":2,"minecraft:porkchop":12,"tombstone:grave_dust":1,"minecraft:pointed_dripstone":7,"minecraft:diorite":24,"travelersbackpack:crafting_upgrade":2,"gnumus:grilled_juicy_meat":80,"minecraft:cactus":21,"minecraft:rotten_flesh":116,"gnumus:gnumus_chickpeas":142,"minecraft:obsidian":21,"minecraft:cod":44,"minecraft:cobblestone":533,"minecraft:pink_petals":10,"gnumus:gnumus_doubloons":296,"minecraft:magma_cream":15,"minecraft:cherry_planks":2,"minecraft:andesite":103,"gnumus:overripe_carrot":165,"gnumus:gnumus_cutlass":6,"minecraft:tuff":61,"minecraft:lapis_lazuli":156,"minecraft:dirt":409,"minecraft:name_tag":7,"minecraft:glass":35,"minecraft:bone":94,"minecraft:bow":5,"minecraft:wheat_seeds":290,"minecraft:raw_gold":229,"minecraft:oak_planks":886,"minecraft:cooked_porkchop":247,"minecraft:sand":464,"travelersbackpack:white_sleeping_bag":8,"gnumus:vintage_parts":31,"minecraft:diamond":178,"gnumus:gnumus_clay":574,"waystones:waystone":8,"minecraft:cracked_polished_blackstone_bricks":46,"minecraft:golden_apple":3,"minecraft:emerald":35,"minecraft:oak_sapling":307,"minecraft:netherrack":1284,"cataclysm:ignitium_upgrade_smithing_template":1,"minecraft:allium":2,"minecraft:azure_bluet":3,"minecraft:chicken":12,"minecraft:brown_mushroom":136,"minecraft:wooden_pickaxe":2,"minecraft:gold_block":18,"minecraft:shield":1,"minecraft:moss_carpet":3,"minecraft:iron_axe":2,"minecraft:wooden_sword":1,"minecraft:birch_fence":50,"minecraft:blackstone":346,"minecraft:sugar_cane":116,"minecraft:phantom_membrane":7,"minecraft:dark_oak_sapling":20,"minecraft:raw_iron":431,"minecraft:polished_blackstone_bricks":145,"minecraft:arrow":44,"minecraft:nether_bricks":19,"minecraft:saddle":1,"gnumus:gnumus_pouch_3":1,"minecraft:basalt":364,"minecraft:golden_carrot":48,"minecraft:cut_sandstone":8,"minecraft:leather":198,"minecraft:birch_planks":5,"minecraft:crimson_fungus":1,"minecraft:gunpowder":8,"minecraft:cooked_mutton":3,"minecraft:smooth_sandstone":1,"minecraft:red_carpet":12,"gnumus:gnumus_horn":16,"minecraft:rabbit_hide":27,"minecraft:iron_ingot":191,"minecraft:soul_sand":96,"minecraft:oak_slab":1,"minecraft:warped_fungus":3,"minecraft:birch_boat":4,"minecraft:chiseled_stone_bricks":1,"minecraft:dripstone_block":74,"gnumus:vintage_alloy_ingot":2,"minecraft:quartz":28,"minecraft:dandelion":8,"minecraft:raw_iron_block":8,"minecraft:blast_furnace":1,"minecraft:white_bed":12,"minecraft:spider_eye":32,"minecraft:iron_helmet":3,"minecraft:cherry_sapling":21,"minecraft:terracotta":2,"gnumus:vintage_gnumus_cutlass":2,"minecraft:coal":674},"minecraft:custom":{"minecraft:interact_with_crafting_table":123,"minecraft:open_barrel":11,"minecraft:bell_ring":64,"minecraft:leave_game":12,"minecraft:time_since_death":980859,"minecraft:damage_blocked_by_shield":1528,"minecraft:play_time":1565829,"minecraft:deaths":8,"minecraft:jump":21481,"minecraft:enchant_item":13,"minecraft:interact_with_furnace":157,"minecraft:sleep_in_bed":28,"minecraft:waystone_activated":14,"minecraft:damage_dealt":96476,"tombstone:undead_killed":1,"minecraft:interact_with_smoker":58,"minecraft:use_cauldron":4,"minecraft:horse_one_cm":389661,"minecraft:interact_with_smithing_table":22,"minecraft:interact_with_anvil":7,"minecraft:sneak_time":50262,"minecraft:interact_with_blast_furnace":60,"minecraft:total_world_time":1565829,"minecraft:interact_with_stonecutter":5,"minecraft:time_since_rest":128769,"minecraft:swim_one_cm":86757,"minecraft:fly_one_cm":4420276,"minecraft:open_chest":734,"minecraft:fall_one_cm":506345,"minecraft:animals_bred":12,"minecraft:damage_resisted":785,"minecraft:sprint_one_cm":5486576,"minecraft:drop":492,"minecraft:talked_to_villager":2,"minecraft:interact_with_brewingstand":1,"minecraft:walk_on_water_one_cm":125528,"minecraft:player_kills":20,"minecraft:crouch_one_cm":137198,"minecraft:mob_kills":510,"minecraft:interact_with_campfire":8,"minecraft:damage_dealt_resisted":60,"minecraft:climb_one_cm":2070,"minecraft:walk_one_cm":3964422,"minecraft:walk_under_water_one_cm":43342,"minecraft:boat_one_cm":29675,"minecraft:interact_with_grindstone":6,"minecraft:damage_taken":18871}},"DataVersion":3465}