{"stats":{"minecraft:broken":{"minecraft:iron_boots":2,"minecraft:iron_chestplate":2,"minecraft:iron_leggings":2,"gnumus:gnumus_cutlass":2,"minecraft:diamond_pickaxe":2,"minecraft:iron_sword":3,"minecraft:iron_hoe":8,"minecraft:diamond_leggings":1,"minecraft:shield":1,"minecraft:iron_axe":2,"minecraft:iron_pickaxe":2,"minecraft:iron_helmet":2,"minecraft:iron_shovel":1,"minecraft:diamond_boots":2,"minecraft:wooden_axe":1,"gnumus:gnumus_helmet_helmet":1,"gnumus:gnumus_pickaxe":3},"minecraft:mined":{"minecraft:cut_sandstone_slab":1,"minecraft:white_bed":8,"minecraft:obsidian":14,"minecraft:granite":22,"minecraft:chiseled_polished_blackstone":2,"minecraft:spawner":6,"minecraft:polished_blackstone_bricks":210,"minecraft:magma_block":61,"minecraft:cobbled_deepslate":14,"minecraft:fire":292,"minecraft:deepslate_lapis_ore":2,"minecraft:sculk_shrieker":1,"minecraft:water_cauldron":1,"minecraft:oak_stairs":7,"minecraft:tripwire":6,"minecraft:cut_sandstone":12,"minecraft:brown_mushroom":29,"minecraft:crimson_nylium":26,"minecraft:smoker":3,"minecraft:soul_fire":65,"minecraft:torch":51,"minecraft:blast_furnace":7,"minecraft:sugar_cane":109,"gnumus:gnumus_clay_brick":1,"gnumus:gnumus_clay_block":5,"minecraft:stone_brick_stairs":3,"minecraft:grass":207,"minecraft:oak_fence_gate":5,"minecraft:smooth_quartz":6,"minecraft:smooth_basalt":1,"minecraft:deepslate":1074,"minecraft:dark_oak_log":85,"minecraft:birch_fence_gate":1,"minecraft:nether_bricks":29,"minecraft:dark_oak_fence":4,"minecraft:andesite":53,"minecraft:rail":1,"gnumus:fragile_gnumus_jug":27,"travelersbackpack:spider":1,"minecraft:oak_slab":1,"minecraft:birch_stairs":1,"minecraft:soul_sand":5,"minecraft:brown_carpet":2,"minecraft:dandelion":12,"minecraft:smooth_sandstone":26,"minecraft:emerald_ore":1,"minecraft:tall_grass":40,"minecraft:copper_ore":6,"minecraft:deepslate_gold_ore":27,"minecraft:diorite":19,"minecraft:warped_wart_block":1,"minecraft:white_carpet":4,"minecraft:birch_leaves":12,"minecraft:gravel":99,"minecraft:dripstone_block":6,"minecraft:cobweb":50,"minecraft:polished_blackstone":22,"minecraft:gold_ore":4,"minecraft:fern":4,"minecraft:stone_pressure_plate":1,"minecraft:oak_sapling":16,"minecraft:sculk_vein":209,"minecraft:brewing_stand":1,"cataclysm:sandstone_ignite_trap":13,"minecraft:grass_block":163,"minecraft:cracked_polished_blackstone_bricks":40,"minecraft:soul_soil":3,"cataclysm:sandstone_poison_dart_trap":4,"minecraft:sculk_catalyst":3,"minecraft:iron_ore":49,"minecraft:red_tulip":1,"minecraft:pointed_dripstone":6,"minecraft:azalea":3,"minecraft:deepslate_redstone_ore":1,"minecraft:quartz_block":5,"minecraft:blackstone":150,"minecraft:clay":4,"minecraft:calcite":2,"minecraft:poppy":23,"minecraft:chest":1,"minecraft:nether_quartz_ore":59,"minecraft:cobblestone":42,"minecraft:oak_planks":218,"minecraft:wall_torch":38,"minecraft:cauldron":1,"minecraft:pink_petals":2,"minecraft:birch_log":187,"minecraft:tnt":12,"minecraft:oak_log":236,"minecraft:sand":244,"minecraft:dirt":107,"minecraft:raw_copper_block":1,"minecraft:ancient_debris":7,"minecraft:netherrack":4385,"minecraft:oak_leaves":40,"minecraft:nether_gold_ore":6,"minecraft:diamond_ore":1,"minecraft:tuff":104,"minecraft:deepslate_diamond_ore":28,"minecraft:oak_door":2,"minecraft:chiseled_bookshelf":1,"minecraft:decorated_pot":2,"travelersbackpack:white_sleeping_bag":3,"minecraft:birch_slab":2,"minecraft:spruce_leaves":3,"minecraft:sandstone":142,"minecraft:hay_block":47,"minecraft:furnace":4,"minecraft:chiseled_sandstone":2,"minecraft:peony":1,"minecraft:gold_block":5,"minecraft:nether_brick_fence":1,"minecraft:deepslate_iron_ore":26,"minecraft:stripped_oak_log":1,"minecraft:stone":218,"minecraft:flowering_azalea":4,"gnumus:gnumus_clay_brick_wall":1,"minecraft:basalt":227,"minecraft:oak_fence":3,"minecraft:crafting_table":1,"minecraft:blackstone_slab":3,"minecraft:sculk_sensor":26,"minecraft:lapis_ore":4,"minecraft:polished_blackstone_brick_stairs":2,"minecraft:sculk":1731,"minecraft:birch_planks":5,"minecraft:cactus":14,"minecraft:polished_blackstone_stairs":3,"minecraft:sweet_berry_bush":2,"minecraft:coal_ore":34,"minecraft:terracotta":2},"minecraft:crafted":{"minecraft:smooth_stone":4,"gnumus:grilled_juicy_meat":54,"travelersbackpack:crafting_upgrade":2,"cataclysm:desert_eye":1,"minecraft:blaze_powder":2,"minecraft:birch_boat":1,"minecraft:birch_slab":66,"travelersbackpack:diamond":2,"minecraft:bookshelf":21,"minecraft:cooked_mutton":46,"minecraft:glass":45,"minecraft:quartz_block":235,"minecraft:diamond_helmet":1,"minecraft:diamond_leggings":2,"gnumus:vintage_alloy_ingot":9,"minecraft:birch_fence_gate":2,"gnumus:pileof_gnumus_doubloons":2,"travelersbackpack:bookshelf":1,"gnumus:gnumus_cutlass":4,"minecraft:cooked_porkchop":75,"travelersbackpack:lapis":1,"gnumus:vintage_gnumus_cutlass":1,"travelersbackpack:standard":10,"minecraft:smithing_table":1,"minecraft:copper_ingot":3,"gnumus:gnumus_pickaxe":4,"minecraft:iron_pickaxe":2,"minecraft:sandstone":4,"minecraft:gold_ingot":75,"minecraft:netherite_ingot":3,"minecraft:spyglass":2,"minecraft:bone_meal":33,"travelersbackpack:blank_upgrade":8,"travelersbackpack:gold_tier_upgrade":1,"travelersbackpack:white_sleeping_bag":7,"minecraft:stone_pickaxe":1,"minecraft:diamond_boots":3,"gnumus:gnumus_helmet_helmet":1,"minecraft:wheat":45,"cataclysm:monstrous_eye":1,"minecraft:enchanting_table":1,"minecraft:sandstone_slab":6,"minecraft:red_carpet":12,"minecraft:oak_fence_gate":7,"minecraft:wooden_axe":1,"minecraft:oak_stairs":36,"minecraft:iron_shovel":3,"minecraft:iron_leggings":3,"minecraft:white_bed":18,"minecraft:oak_planks":1047,"minecraft:cooked_chicken":7,"minecraft:stone":7,"cataclysm:bone_reptile_helmet":1,"minecraft:iron_boots":2,"minecraft:chest":10,"minecraft:netherite_upgrade_smithing_template":2,"minecraft:ender_eye":2,"minecraft:oak_fence":48,"minecraft:oak_slab":48,"travelersbackpack:iron_tier_upgrade":4,"minecraft:crafting_table":9,"minecraft:spruce_planks":8,"minecraft:wooden_pickaxe":1,"minecraft:iron_helmet":2,"minecraft:red_wool":9,"cataclysm:ancient_metal_ingot":1,"minecraft:birch_planks":32,"gnumus:hammer_vintage_universal_tool":1,"minecraft:iron_chestplate":3,"minecraft:book":67,"minecraft:paper":81,"minecraft:diamond_pickaxe":2,"minecraft:stick":188,"minecraft:iron_ingot":343,"minecraft:shears":1,"cataclysm:bone_reptile_chestplate":1,"minecraft:cherry_planks":8,"minecraft:raw_iron":108,"minecraft:furnace":8,"minecraft:blast_furnace":1,"minecraft:raw_copper_block":21,"minecraft:flint_and_steel":1,"minecraft:leather":1,"minecraft:iron_axe":4,"minecraft:iron_hoe":11,"minecraft:chiseled_bookshelf":2,"minecraft:chiseled_sandstone":3,"minecraft:netherite_scrap":12,"travelersbackpack:diamond_tier_upgrade":1,"minecraft:cooked_beef":75,"minecraft:red_dye":10,"minecraft:diamond_sword":1,"travelersbackpack:backpack_tank":16,"minecraft:iron_sword":3,"minecraft:bucket":1,"minecraft:air":0,"minecraft:bread":15,"minecraft:oak_boat":1,"minecraft:white_wool":65,"minecraft:gold_nugget":18,"minecraft:stonecutter":1,"minecraft:torch":476,"minecraft:diamond_chestplate":2},"minecraft:used":{"minecraft:nether_brick_fence":6,"minecraft:spruce_slab":1,"minecraft:chest":3,"travelersbackpack:diamond":2,"minecraft:farmland":44,"minecraft:rotten_flesh":2,"minecraft:soul_sand":23,"cataclysm:infernal_forge":2,"minecraft:lava_bucket":121,"minecraft:grass_block":6,"minecraft:quartz_block":240,"gnumus:vintage_gnumus_pickaxe":570,"gnumus:gnumus_helmet_helmet":20,"minecraft:oak_sapling":16,"minecraft:furnace":11,"minecraft:cooked_cod":2,"minecraft:egg":1,"gnumus:grilled_juicy_meat":106,"minecraft:cactus":3,"minecraft:blackstone":174,"minecraft:wooden_pickaxe":17,"minecraft:glow_berries":3,"minecraft:sand":173,"minecraft:blast_furnace":2,"gnumus:gnumus_cutlass":25,"gnumus:business_hat_helmet":1,"minecraft:birch_fence":31,"minecraft:birch_slab":68,"gnumus:gnumus_chickpeas":5,"minecraft:diamond_sword":742,"minecraft:smithing_table":1,"minecraft:dark_oak_fence":4,"minecraft:oak_boat":1,"waystones:sandy_waystone":1,"minecraft:enchanting_table":1,"minecraft:netherrack":893,"minecraft:torch":572,"minecraft:brewing_stand":1,"minecraft:warped_wart_block":1,"minecraft:oak_fence_gate":9,"minecraft:iron_axe":795,"minecraft:smooth_quartz":7,"minecraft:smooth_basalt":1,"minecraft:diamond_chestplate":5,"minecraft:basalt":252,"minecraft:beef":3,"tombstone:gift":12,"minecraft:cobbled_deepslate":285,"minecraft:pointed_dripstone":2,"gnumus:vintage_gnumus_cutlass":500,"minecraft:calcite":1,"minecraft:water_bucket":75,"minecraft:chiseled_bookshelf":2,"minecraft:birch_planks":172,"minecraft:bundle":1,"minecraft:cauldron":2,"minecraft:polished_blackstone_bricks":342,"minecraft:oak_slab":33,"minecraft:tnt":9,"minecraft:crafting_table":8,"minecraft:white_bed":28,"gnumus:gnumus_cheese":1,"minecraft:diamond_pickaxe":5274,"minecraft:diamond_shovel":92,"travelersbackpack:bookshelf":8,"minecraft:iron_pickaxe":581,"travelersbackpack:white_sleeping_bag":7,"tombstone:magic_scroll":1,"minecraft:cobblestone":92,"travelersbackpack:standard":1,"minecraft:cooked_porkchop":75,"minecraft:brush":4,"cataclysm:bone_reptile_helmet":2,"minecraft:diamond_leggings":2,"minecraft:iron_shovel":565,"travelersbackpack:lapis":5,"minecraft:shield":29,"minecraft:iron_sword":699,"minecraft:iron_chestplate":3,"minecraft:mutton":3,"cataclysm:monstrous_eye":2,"minecraft:nether_bricks":14,"minecraft:tuff":4,"minecraft:obsidian":16,"gnumus:gnumus_clay_brick":1,"minecraft:iron_helmet":3,"minecraft:bedrock":1,"minecraft:red_carpet":12,"minecraft:magma_block":3,"cataclysm:bone_reptile_chestplate":1,"travelersbackpack:spider":1,"minecraft:diamond_boots":3,"minecraft:stone_pickaxe":54,"minecraft:oak_planks":227,"minecraft:sandstone":8,"minecraft:sugar_cane":25,"minecraft:golden_hoe":49,"gnumus:gnumus_pickaxe":18,"minecraft:dripstone_block":5,"waystones:waystone":9,"minecraft:birch_fence_gate":3,"minecraft:bread":23,"minecraft:brown_wool":1,"minecraft:gravel":15,"minecraft:andesite":18,"minecraft:bone_meal":16,"minecraft:oak_fence":52,"gnumus:hammer_vintage_universal_tool":976,"minecraft:flint_and_steel":56,"minecraft:cooked_chicken":9,"minecraft:dirt":136,"minecraft:spyglass":362,"minecraft:white_carpet":34,"minecraft:diamond_helmet":4,"cataclysm:sandstone_falling_trap":1,"minecraft:granite":16,"minecraft:iron_hoe":1979,"minecraft:wooden_axe":44,"minecraft:bookshelf":21,"minecraft:oak_stairs":31,"minecraft:smooth_sandstone":6,"minecraft:iron_boots":4,"minecraft:golden_carrot":16,"minecraft:soul_soil":25,"minecraft:cooked_beef":81,"minecraft:iron_leggings":4,"minecraft:cooked_mutton":22,"cataclysm:desert_eye":4,"minecraft:birch_boat":4,"gnumus:overripe_carrot":6,"minecraft:cut_sandstone":10,"minecraft:brown_mushroom":1,"minecraft:stonecutter":1,"minecraft:terracotta":1,"minecraft:smoker":2,"minecraft:flower_pot":1,"minecraft:apple":5,"minecraft:cracked_polished_blackstone_bricks":27,"minecraft:pink_petals":7,"gnumus:lucky_hat_helmet":19,"minecraft:bucket":201,"minecraft:birch_stairs":1},"minecraft:killed_by":{"cataclysm:wadjet":1,"minecraft:creeper":1,"minecraft:cave_spider":2,"minecraft:player":5},"minecraft:killed":{"minecraft:cave_spider":19,"minecraft:skeleton":42,"minecraft:chicken":1,"cataclysm:kobolediator":3,"minecraft:skeleton_horse":1,"cataclysm:wadjet":3,"minecraft:magma_cube":74,"gnumus:big_snout":6,"minecraft:zombie":50,"minecraft:cow":22,"minecraft:endermite":1,"gnumus:gnumus_hunter":132,"cataclysm:koboleton":34,"gnumus:gnumus_hunter_not_dispawn":7,"minecraft:husk":14,"minecraft:rabbit":9,"gnumus:gnumus_merchant":1,"minecraft:enderman":3,"minecraft:spider":39,"gnumus:pitcher_mousse":15,"minecraft:piglin_brute":7,"minecraft:piglin":30,"minecraft:pig":4,"minecraft:creeper":7,"gnumus:marsupial_mousse":1,"minecraft:sheep":4,"minecraft:ghast":1,"minecraft:blaze":22,"minecraft:slime":3,"minecraft:phantom":12,"gnumus:gnumus_worker":2,"minecraft:bat":2,"minecraft:hoglin":4,"minecraft:wither_skeleton":14},"minecraft:dropped":{"minecraft:iron_sword":3,"minecraft:porkchop":4,"minecraft:lapis_lazuli":24,"minecraft:cooked_beef":2,"gnumus:overripe_carrot":15,"gnumus:gnumus_helmet_helmet":2,"minecraft:diamond":1,"minecraft:cooked_porkchop":64,"cataclysm:sandstone_ignite_trap":13,"minecraft:glow_berries":8,"minecraft:warped_roots":70,"travelersbackpack:iron_tier_upgrade":2,"minecraft:cracked_stone_bricks":2,"minecraft:rail":3,"minecraft:cut_sandstone_slab":2,"minecraft:red_mushroom":1,"minecraft:emerald":2,"minecraft:dirt":3,"gnumus:gnumus_claw":18,"minecraft:dark_oak_fence":3,"gnumus:business_hat_helmet":1,"minecraft:gold_nugget":62,"minecraft:wooden_sword":1,"cataclysm:ancient_metal_nugget":8,"minecraft:phantom_membrane":5,"minecraft:sand":158,"minecraft:polished_blackstone_slab":12,"minecraft:iron_pickaxe":1,"gnumus:grilled_juicy_meat":28,"minecraft:bone":55,"minecraft:oak_door":2,"minecraft:sugar_cane":3,"minecraft:cobbled_deepslate":2519,"minecraft:birch_sapling":2,"minecraft:obsidian":2,"minecraft:rotten_flesh":52,"minecraft:oak_planks":108,"waystones:sandy_waystone":1,"minecraft:azure_bluet":3,"minecraft:rabbit_foot":2,"gnumus:gnumus_horn":2,"gnumus:gnumus_pouch":2,"minecraft:snort_pottery_sherd":2,"minecraft:painting":2,"gnumus:vintage_parts":6,"cataclysm:infernal_forge":1,"minecraft:crying_obsidian":2,"minecraft:stone_brick_stairs":2,"minecraft:egg":2,"minecraft:enchanted_book":5,"minecraft:iron_ingot":8,"gnumus:gnumus_cutlass":2,"minecraft:wheat_seeds":131,"minecraft:mourner_pottery_sherd":2,"minecraft:tnt":3,"minecraft:polished_blackstone":21,"minecraft:dripstone_block":16,"minecraft:netherite_chestplate":2,"minecraft:oak_fence":5,"minecraft:feather":12,"minecraft:cobblestone":195,"minecraft:book":2,"minecraft:apple":4,"minecraft:granite":2,"minecraft:coal":4,"minecraft:polished_blackstone_stairs":2,"minecraft:lava_bucket":1,"minecraft:gray_wool":1,"minecraft:blackstone_wall":3,"minecraft:wooden_axe":1,"minecraft:cherry_planks":4,"minecraft:diamond_helmet":1,"minecraft:smooth_sandstone":27,"minecraft:iron_shovel":2,"minecraft:paper":15,"minecraft:string":74,"cataclysm:khopesh":4,"gnumus:vintage_alloy_ingot":3,"minecraft:moss_carpet":3,"minecraft:soul_soil":25,"minecraft:player_head":1,"minecraft:netherite_ingot":1,"gnumus:vintage_metal":1,"minecraft:white_carpet":1,"cataclysm:sandstone_poison_dart_trap":3,"minecraft:name_tag":1,"minecraft:nether_bricks":12,"minecraft:shears":1,"minecraft:suspicious_stew":2,"minecraft:diamond_sword":2,"minecraft:hay_block":1,"minecraft:allium":1,"minecraft:peony":1,"minecraft:bundle":1,"minecraft:diamond_pickaxe":6,"gnumus:gnumus_chickpeas":16,"minecraft:stone_pressure_plate":1,"minecraft:spider_eye":8,"minecraft:sandstone":389,"minecraft:red_tulip":1,"minecraft:magma_block":28,"minecraft:terracotta":1,"minecraft:soul_sand":73,"minecraft:moss_block":4,"minecraft:brown_mushroom":27,"minecraft:birch_planks":29,"minecraft:diamond_axe":1,"minecraft:warped_fungus":10,"minecraft:oak_log":24,"minecraft:ender_pearl":3,"minecraft:dark_oak_sapling":4,"minecraft:netherite_upgrade_smithing_template":1,"travelersbackpack:standard":5,"gnumus:gnumus_pickaxe":1,"gnumus:mouse_skin":32,"minecraft:cod":10,"minecraft:flint":2,"minecraft:cracked_polished_blackstone_bricks":20,"minecraft:dark_oak_log":1,"minecraft:polished_blackstone_brick_stairs":4,"minecraft:crimson_roots":4,"minecraft:cut_sandstone":5,"minecraft:polished_blackstone_bricks":37,"minecraft:birch_log":174,"minecraft:gold_ingot":14,"minecraft:gravel":92,"minecraft:chiseled_polished_blackstone":2,"minecraft:crimson_fungus":7,"minecraft:spyglass":2,"minecraft:blackstone":17,"minecraft:smooth_sandstone_stairs":1,"minecraft:pointed_dripstone":5,"minecraft:cherry_sapling":1,"cataclysm:ignitium_upgrade_smithing_template":1,"minecraft:carrot":3,"minecraft:sandstone_wall":2,"minecraft:chiseled_stone_bricks":1,"travelersbackpack:gold_tier_upgrade":2,"gnumus:gnumus_doubloons":15,"minecraft:poppy":12,"minecraft:rabbit_hide":14,"minecraft:gunpowder":5,"travelersbackpack:white_sleeping_bag":2,"minecraft:dune_armor_trim_smithing_template":2,"minecraft:melon_seeds":4,"minecraft:azalea":7,"cataclysm:ancient_metal_ingot":18,"gnumus:vintage_gnumus_cutlass":3,"minecraft:blackstone_slab":3,"minecraft:iron_bars":7,"minecraft:basalt":68,"minecraft:arrow":18,"cataclysm:kobolediator_skull":2,"minecraft:quartz":135,"minecraft:netherrack":3255,"minecraft:bread":2,"minecraft:cherry_log":74,"minecraft:diamond_leggings":2,"minecraft:mangrove_propagule":1,"minecraft:lead":15,"minecraft:grass_block":1,"minecraft:stick":73,"minecraft:diorite":18,"cataclysm:bone_reptile_chestplate":2,"minecraft:torch":28,"travelersbackpack:enderman":1,"travelersbackpack:spider":1,"minecraft:flowering_azalea":4,"minecraft:cactus":2,"minecraft:pink_petals":3,"minecraft:tripwire_hook":1,"minecraft:chiseled_sandstone":3,"minecraft:dandelion":8,"minecraft:redstone":31,"minecraft:nether_brick_slab":7,"minecraft:sweet_berries":4,"travelersbackpack:diamond":3,"cataclysm:koboleton_bone":3,"minecraft:raw_copper":9,"minecraft:tuff":57,"minecraft:raw_iron":21,"minecraft:iron_hoe":2,"gnumus:gnumus_clay":54,"minecraft:diamond_chestplate":2,"travelersbackpack:lapis":1,"gnumus:gnumus_pouch_2":6,"minecraft:iron_chestplate":2,"minecraft:andesite":44,"minecraft:golden_leggings":1,"minecraft:oak_sapling":112,"minecraft:golden_sword":1,"gnumus:packaged_goods":1,"minecraft:diamond_boots":4,"minecraft:stone_pickaxe":1,"minecraft:wooden_pickaxe":2,"minecraft:raw_gold":3,"cataclysm:monstrous_horn":1,"minecraft:magma_cream":12},"minecraft:picked_up":{"minecraft:wooden_axe":1,"minecraft:iron_chestplate":8,"minecraft:suspicious_stew":2,"minecraft:flower_pot":1,"minecraft:lead":5,"minecraft:diamond_sword":4,"minecraft:oak_stairs":7,"minecraft:enchanted_book":7,"minecraft:brewing_stand":1,"minecraft:golden_sword":1,"minecraft:amethyst_block":1,"minecraft:polished_blackstone_brick_stairs":4,"minecraft:string":200,"minecraft:soul_soil":50,"minecraft:diamond_leggings":1,"minecraft:gold_nugget":189,"minecraft:cobbled_deepslate":2464,"minecraft:golden_helmet":1,"minecraft:polished_blackstone_stairs":2,"cataclysm:kobolediator_skull":3,"minecraft:sandstone_wall":2,"gnumus:lucky_hat_helmet":1,"minecraft:golden_axe":1,"minecraft:cherry_log":79,"gnumus:gnumus_helmet_helmet":1,"minecraft:rabbit_foot":2,"minecraft:cauldron":2,"gnumus:wrapper_with_goods":6,"gnumus:vintage_metal":30,"minecraft:blackstone_wall":3,"minecraft:red_tulip":1,"minecraft:netherite_chestplate":1,"minecraft:blaze_rod":16,"minecraft:iron_bars":7,"minecraft:birch_log":355,"minecraft:magma_block":33,"minecraft:feather":54,"minecraft:cooked_beef":29,"minecraft:birch_slab":2,"minecraft:water_bucket":4,"minecraft:brown_wool":4,"minecraft:smoker":2,"minecraft:flint":21,"travelersbackpack:gold_tier_upgrade":10,"gnumus:gnumus_pouch_2":56,"cataclysm:koboleton_bone":41,"minecraft:rabbit":58,"minecraft:moss_block":4,"minecraft:chiseled_polished_blackstone":2,"minecraft:warped_wart_block":1,"minecraft:birch_fence_gate":1,"minecraft:dark_oak_log":1,"minecraft:bundle":2,"minecraft:iron_hoe":3,"cataclysm:sandstone_falling_trap":1,"minecraft:granite":18,"minecraft:bread":18,"minecraft:diamond_pickaxe":7,"minecraft:dark_oak_fence":5,"minecraft:crimson_roots":5,"minecraft:crafting_table":5,"minecraft:clay_ball":44,"minecraft:mourner_pottery_sherd":4,"gnumus:business_hat_helmet":1,"minecraft:white_carpet":35,"minecraft:iron_shovel":1,"minecraft:cracked_stone_bricks":2,"travelersbackpack:lapis":1,"minecraft:beef":129,"minecraft:poppy":22,"minecraft:spruce_slab":1,"minecraft:birch_sapling":91,"minecraft:egg":3,"minecraft:sandstone":648,"minecraft:oak_door":2,"gnumus:juicy_meat":59,"gnumus:gnumus_clay_brick":1,"minecraft:carrot":4,"minecraft:redstone":48,"minecraft:tnt":12,"minecraft:diamond_chestplate":1,"minecraft:cooked_cod":4,"minecraft:decorated_pot":1,"minecraft:peony":5,"minecraft:diamond_boots":3,"minecraft:hay_block":47,"minecraft:gold_ingot":67,"minecraft:polished_blackstone":21,"gnumus:mouse_skin":192,"minecraft:glow_berries":23,"minecraft:mutton":36,"minecraft:bone_block":1,"minecraft:white_wool":80,"minecraft:rail":4,"minecraft:stripped_oak_log":1,"minecraft:tripwire_hook":1,"minecraft:blackstone_slab":3,"minecraft:red_mushroom":5,"gnumus:gnumus_pouch":81,"waystones:sandy_waystone":2,"minecraft:oak_log":391,"minecraft:ancient_debris":9,"gnumus:gnumus_pickaxe":6,"minecraft:paper":227,"minecraft:apple":45,"minecraft:stone_pickaxe":1,"minecraft:oak_fence_gate":5,"minecraft:iron_sword":10,"minecraft:flowering_azalea":7,"minecraft:smooth_basalt":1,"minecraft:sweet_berries":15,"minecraft:spyglass":1,"minecraft:gravel":142,"minecraft:birch_stairs":1,"gnumus:gnumus_cheese":32,"minecraft:spruce_log":2,"minecraft:crying_obsidian":10,"travelersbackpack:standard":4,"minecraft:slime_ball":12,"minecraft:snort_pottery_sherd":2,"minecraft:diamond_axe":1,"minecraft:painting":2,"minecraft:gray_wool":1,"minecraft:warped_roots":70,"cataclysm:sandstone_poison_dart_trap":3,"minecraft:mangrove_propagule":1,"minecraft:ender_pearl":38,"minecraft:wheat":75,"cataclysm:monstrous_horn":1,"minecraft:nether_brick_fence":1,"gnumus:gnumus_claw":276,"minecraft:stone_brick_stairs":2,"travelersbackpack:spider":2,"minecraft:raw_copper":405,"travelersbackpack:diamond":3,"minecraft:iron_leggings":7,"minecraft:netherite_ingot":1,"gnumus:packaged_goods":211,"cataclysm:khopesh":6,"minecraft:calcite":1,"minecraft:azalea":8,"minecraft:smooth_quartz":6,"minecraft:iron_pickaxe":7,"minecraft:iron_boots":3,"minecraft:furnace":4,"minecraft:stick":164,"minecraft:oak_fence":10,"minecraft:torch":172,"travelersbackpack:iron_tier_upgrade":2,"minecraft:porkchop":24,"minecraft:pointed_dripstone":7,"tombstone:grave_dust":1,"minecraft:diorite":24,"travelersbackpack:crafting_upgrade":2,"gnumus:grilled_juicy_meat":80,"minecraft:quartz_block":5,"minecraft:cactus":22,"minecraft:rotten_flesh":116,"gnumus:gnumus_chickpeas":142,"minecraft:obsidian":21,"minecraft:cod":44,"minecraft:cobblestone":534,"minecraft:pink_petals":10,"gnumus:gnumus_doubloons":300,"minecraft:magma_cream":22,"minecraft:cherry_planks":2,"minecraft:andesite":103,"gnumus:overripe_carrot":179,"gnumus:gnumus_cutlass":6,"minecraft:tuff":61,"minecraft:smooth_sandstone_stairs":5,"minecraft:danger_pottery_sherd":4,"minecraft:lapis_lazuli":156,"minecraft:dirt":409,"minecraft:cut_sandstone_slab":2,"minecraft:name_tag":7,"minecraft:glass":35,"minecraft:bone":110,"minecraft:bow":5,"minecraft:wheat_seeds":309,"minecraft:raw_gold":229,"minecraft:oak_planks":982,"minecraft:cooked_porkchop":247,"minecraft:polished_blackstone_slab":12,"minecraft:sand":464,"minecraft:dead_bush":1,"minecraft:chiseled_sandstone":4,"travelersbackpack:white_sleeping_bag":8,"gnumus:vintage_parts":31,"minecraft:diamond":178,"gnumus:gnumus_clay":574,"waystones:waystone":9,"minecraft:cracked_polished_blackstone_bricks":81,"minecraft:golden_apple":3,"cataclysm:ancient_metal_nugget":17,"minecraft:emerald":35,"cataclysm:sandstone_ignite_trap":13,"minecraft:oak_sapling":307,"minecraft:netherrack":4435,"cataclysm:ignitium_upgrade_smithing_template":1,"minecraft:allium":2,"minecraft:azure_bluet":3,"minecraft:chicken":12,"cataclysm:monstrous_eye":1,"minecraft:brown_mushroom":136,"minecraft:wooden_pickaxe":2,"minecraft:gold_block":18,"minecraft:chain":2,"minecraft:shield":2,"minecraft:moss_carpet":3,"minecraft:iron_axe":2,"minecraft:wooden_sword":1,"minecraft:birch_fence":50,"minecraft:blackstone":401,"minecraft:player_head":1,"minecraft:sugar_cane":117,"minecraft:phantom_membrane":7,"minecraft:dark_oak_sapling":20,"minecraft:raw_iron":431,"minecraft:polished_blackstone_bricks":352,"minecraft:stone_pressure_plate":1,"minecraft:arrow":46,"minecraft:nether_bricks":26,"minecraft:saddle":1,"gnumus:gnumus_pouch_3":1,"minecraft:basalt":457,"minecraft:golden_carrot":48,"minecraft:cut_sandstone":15,"minecraft:leather":201,"minecraft:birch_planks":5,"minecraft:crimson_fungus":8,"minecraft:gunpowder":9,"minecraft:cooked_mutton":3,"minecraft:smooth_sandstone":36,"minecraft:red_carpet":12,"cataclysm:infernal_forge":1,"gnumus:gnumus_horn":16,"minecraft:rabbit_hide":35,"minecraft:iron_ingot":191,"minecraft:cooked_chicken":5,"minecraft:soul_sand":96,"minecraft:book":2,"minecraft:oak_slab":1,"minecraft:warped_fungus":10,"minecraft:birch_boat":4,"minecraft:chiseled_stone_bricks":1,"minecraft:brush":1,"minecraft:dripstone_block":78,"gnumus:vintage_alloy_ingot":2,"minecraft:quartz":1033,"minecraft:dandelion":8,"minecraft:raw_iron_block":8,"minecraft:lava_bucket":2,"cataclysm:desert_eye":3,"minecraft:blast_furnace":7,"minecraft:white_bed":14,"minecraft:nether_brick_slab":7,"minecraft:spider_eye":32,"cataclysm:bone_reptile_chestplate":2,"minecraft:iron_helmet":3,"cataclysm:ancient_metal_ingot":23,"minecraft:cherry_sapling":21,"minecraft:terracotta":2,"tombstone:magic_scroll":1,"gnumus:vintage_gnumus_cutlass":2,"minecraft:coal":682},"minecraft:custom":{"minecraft:interact_with_crafting_table":153,"minecraft:open_barrel":11,"minecraft:bell_ring":65,"minecraft:leave_game":19,"minecraft:time_since_death":38389,"minecraft:damage_blocked_by_shield":1528,"minecraft:play_time":1942894,"minecraft:deaths":9,"minecraft:jump":25823,"minecraft:enchant_item":20,"minecraft:interact_with_furnace":166,"minecraft:sleep_in_bed":28,"minecraft:waystone_activated":21,"minecraft:damage_dealt":127663,"tombstone:undead_killed":53,"minecraft:interact_with_smoker":60,"minecraft:use_cauldron":7,"minecraft:horse_one_cm":439186,"minecraft:interact_with_smithing_table":22,"minecraft:interact_with_anvil":7,"minecraft:sneak_time":65996,"minecraft:interact_with_blast_furnace":78,"minecraft:total_world_time":1942894,"minecraft:interact_with_stonecutter":5,"minecraft:time_since_rest":38014,"tombstone:cast_on_ally":1,"minecraft:swim_one_cm":93681,"minecraft:fly_one_cm":5851218,"minecraft:open_chest":979,"minecraft:fall_one_cm":590848,"minecraft:animals_bred":12,"minecraft:damage_resisted":1349,"minecraft:sprint_one_cm":6470488,"minecraft:drop":651,"minecraft:talked_to_villager":2,"minecraft:interact_with_brewingstand":2,"minecraft:walk_on_water_one_cm":144696,"minecraft:player_kills":20,"minecraft:crouch_one_cm":173865,"minecraft:mob_kills":611,"minecraft:interact_with_campfire":8,"minecraft:damage_dealt_resisted":60,"minecraft:climb_one_cm":3097,"minecraft:walk_one_cm":4921555,"minecraft:walk_under_water_one_cm":74755,"minecraft:boat_one_cm":29675,"minecraft:interact_with_grindstone":11,"minecraft:damage_taken":25668,"minecraft:trigger_trapped_chest":2}},"DataVersion":3465}